hour,day_of_week,records_accessed,session_duration_min,unique_record_types,is_known_ip,days_since_last_access,label,pred
10,1,7,16.377618035893065,1,1.0,0,0,1
13,2,5,14.013611084364102,1,1.0,6,0,1
7,4,5,12.994982568959664,2,1.0,6,0,1
12,0,5,5.70009260780842,1,1.0,6,0,1
14,2,5,13.767112619027785,2,1.0,1,0,1
10,2,1,17.157163391461545,2,1.0,6,0,1
9,1,2,17.241051343808643,2,1.0,0,0,1
18,4,5,14.800075737039634,2,1.0,0,0,1
7,4,4,17.300738526013298,2,1.0,4,0,1
10,3,5,11.011413288611855,2,1.0,3,0,1
7,1,6,12.05172007917881,2,1.0,4,0,1
7,1,1,11.76148765257692,2,1.0,1,0,1
8,4,5,11.110940077683056,2,1.0,1,0,1
12,2,5,5.259012489423533,1,1.0,0,0,1
10,2,6,2.043389763098947,1,1.0,5,0,1
17,4,1,19.250963153173444,1,1.0,1,0,1
8,0,4,17.062192184147477,2,1.0,2,0,1
12,4,3,12.765112968629424,2,1.0,1,0,1
14,0,7,8.815702065356964,1,1.0,6,0,1
9,0,6,7.037221931180602,1,1.0,3,0,1
9,1,5,11.987992248757243,1,1.0,3,0,1
17,4,5,14.342875349769807,1,1.0,6,0,1
13,1,7,4.964788932287875,1,1.0,6,0,1
17,0,5,12.694002272707552,2,1.0,6,0,1
7,0,5,10.272656764299638,2,1.0,1,0,1
10,1,4,6.004313828258647,2,1.0,3,0,1
16,1,2,18.059518015528923,1,1.0,3,0,1
7,3,7,2.318470968299984,1,1.0,5,0,1
14,2,3,10.247772578818918,1,1.0,3,0,1
11,2,1,6.516070812753265,1,1.0,4,0,1
11,4,4,11.334109298661591,2,1.0,4,0,1
10,1,5,5.095858193615229,1,1.0,0,0,1
8,3,1,11.939939633502684,1,1.0,2,0,1
16,0,126,1.7038118003827372,4,1.0,2,1,-1
12,1,5,5.014655398447683,2,1.0,0,0,1
11,4,2,9.844265584090312,1,1.0,6,0,1
17,4,7,5.927911631112177,1,1.0,1,0,1
15,0,7,8.054291858036988,1,1.0,2,0,1
15,2,3,9.01505804512114,1,1.0,5,0,1
14,0,2,10.125179610261036,1,1.0,0,0,1
10,2,6,15.708198732323872,2,1.0,2,0,1
9,0,6,13.423145958363769,2,1.0,5,0,1
18,0,7,15.917431607960514,1,1.0,5,0,1
14,2,7,13.011445281931444,1,1.0,5,0,1
10,4,1,13.160031415744013,2,1.0,6,0,1
13,2,45,0.7419800887336627,4,1.0,2,1,-1
14,4,1,14.234467888239413,1,1.0,2,0,1
13,1,5,8.199134724423898,2,1.0,0,0,1
16,2,4,11.156790656758632,1,1.0,4,0,1
18,3,1,10.629112433177884,1,1.0,0,0,1
10,2,5,10.515515743397478,1,1.0,4,0,1
9,2,5,5.807184054826664,2,1.0,1,0,1
9,2,3,10.796809728149643,1,1.0,5,0,1
18,1,2,11.531599690308177,1,1.0,1,0,1
8,4,1,12.661689136766823,1,1.0,1,0,1
16,1,6,14.16994912503352,1,1.0,2,0,1
15,0,6,10.389934113960818,2,1.0,2,0,1
7,3,3,17.31008088397769,2,1.0,4,0,1
7,3,7,18.79450757369769,1,1.0,5,0,1
9,1,7,1.351229987134051,2,1.0,5,0,1
10,1,5,10.440490084455606,1,1.0,2,0,1
8,1,5,10.311746352034257,1,1.0,6,0,1
7,3,5,15.29909142972491,2,1.0,2,0,1
18,0,2,15.313909430104806,2,1.0,2,0,1
8,0,5,12.651633708724807,1,1.0,1,0,1
9,1,6,20.731958189079272,1,1.0,5,0,1
16,0,7,9.125250223065615,2,1.0,5,0,1
15,1,3,21.508178854159844,2,1.0,5,0,1
8,0,3,9.257022816653775,2,1.0,3,0,1
7,2,7,19.548119799828388,2,1.0,3,0,1
15,4,1,16.40561569639763,1,1.0,4,0,1
14,2,1,3.3029901403163144,2,1.0,6,0,1
18,3,1,8.181056500025587,1,1.0,5,0,1
13,1,4,11.112897808957516,2,1.0,2,0,1
16,4,7,9.167647496989517,2,1.0,3,0,1
8,2,5,10.361809379658805,1,1.0,6,0,1
16,3,1,7.987864027885951,1,1.0,1,0,1
7,2,7,13.557480343442228,1,1.0,3,0,1
18,2,1,14.355366404717264,2,1.0,5,0,1
12,1,3,14.587108995947329,1,1.0,4,0,1
9,1,6,19.765205381463243,1,1.0,0,0,1
17,0,1,5.546055669247037,1,1.0,3,0,1
18,4,3,5.4619775965982384,1,1.0,5,0,1
10,3,7,26.48259302759873,2,1.0,4,0,1
17,2,6,8.16352312739712,1,1.0,0,0,1
10,1,2,19.43331832126587,2,1.0,3,0,1
17,0,5,12.421940971641511,1,1.0,6,0,1
8,4,7,10.421088117799147,2,1.0,2,0,1
13,2,7,14.524330765889005,1,1.0,5,0,1
11,3,6,16.606590244190766,2,1.0,6,0,1
8,1,3,18.854495941548848,1,1.0,3,0,1
15,1,1,15.933020543080385,1,1.0,1,0,1
13,1,7,19.86530183032082,1,1.0,4,0,1
15,1,7,22.16890407871581,1,1.0,6,0,1
16,2,7,10.402132208545813,1,1.0,3,0,1
17,4,5,11.246796398592378,1,1.0,5,0,1
17,1,5,9.356852541999112,2,1.0,6,0,1
7,3,1,7.976006257125573,2,1.0,5,0,1
10,0,6,20.39287976587044,2,1.0,6,0,1
11,1,2,8.044259447248493,2,1.0,5,0,1
8,1,7,13.449762203749243,1,1.0,6,0,1
7,1,5,10.99632540999004,1,1.0,5,0,1
18,1,2,10.786856060999218,1,1.0,3,0,1
10,4,6,7.172902451422235,2,1.0,2,0,1
10,2,4,7.453699483835749,1,1.0,5,0,1
8,3,5,10.325757581976099,2,1.0,6,0,1
18,3,6,16.8297154273612,2,1.0,1,0,1
11,0,4,14.978939007996798,2,1.0,5,0,1
17,2,1,13.219860691378408,1,1.0,0,0,1
17,3,3,6.135080742673033,1,1.0,0,0,1
16,3,7,10.776577455829344,2,1.0,4,0,1
10,2,2,4.6986599270821525,2,1.0,2,0,1
11,4,7,9.538560047353736,2,1.0,0,0,1
17,4,3,8.823541976569551,1,1.0,1,0,1
9,2,5,6.622886115776675,2,1.0,3,0,1
7,3,7,15.405928250620565,2,1.0,4,0,1
7,2,3,3.629071505930483,1,1.0,2,0,1
13,0,6,9.999295791070876,1,1.0,1,0,1
14,3,5,13.612079913555636,2,1.0,4,0,1
17,4,6,5.677875401912183,1,1.0,1,0,1
14,4,5,11.806430883098296,1,1.0,5,0,1
16,4,4,15.132330458887932,1,1.0,4,0,1
18,0,3,17.594128268532106,2,1.0,4,0,1
2,0,8,20.79046949288393,2,1.0,0,1,-1
11,2,48,27.05772378743156,5,0.0,1,1,-1
17,4,4,11.853494283908656,2,1.0,0,0,1
16,3,6,6.898492263692635,2,1.0,1,0,1
16,1,1,4.844906759603022,2,1.0,5,0,1
9,4,2,10.246367587458213,1,1.0,6,0,1
10,1,6,15.065295878831629,1,1.0,1,0,1
12,4,7,18.283884391804477,2,1.0,4,0,1
14,3,4,13.90099184576697,1,1.0,1,0,1
7,1,4,7.8977107522216565,2,1.0,3,0,1
9,2,5,9.162475330564382,2,1.0,4,0,1
15,0,7,12.652578065020478,1,1.0,5,0,1
7,1,6,7.046524395279503,2,1.0,3,0,1
14,2,6,10.12311522203456,1,1.0,4,0,1
14,1,24,20.816514441368476,3,0.0,1,1,-1
9,1,3,15.23633743220244,1,1.0,2,0,1
9,2,1,10.032235633754304,1,1.0,2,0,1
18,2,6,14.817299770916195,1,1.0,2,0,1
13,4,3,11.866543924197407,1,1.0,4,0,1
9,1,3,3.367394940682848,2,1.0,2,0,1
13,3,4,5.451815629457343,2,1.0,2,0,1
15,4,1,9.159718561692674,2,1.0,3,0,1
16,1,13,26.013676482570947,5,1.0,0,1,-1
9,2,7,13.942871809987665,2,1.0,4,0,1
11,0,5,8.21757166763483,1,1.0,0,0,1
7,0,3,10.878393440836833,2,1.0,1,0,1
8,2,2,11.365410979850196,2,1.0,6,0,1
17,4,2,15.041827714474188,1,1.0,2,0,1
12,0,1,13.216969029538477,1,1.0,5,0,1
9,3,4,10.447209546607091,1,1.0,4,0,1
8,4,6,7.604184921893341,1,1.0,2,0,1
14,3,3,11.362111437238626,2,1.0,4,0,1
13,2,5,14.287582450633739,1,1.0,3,0,1
12,4,3,9.000629156995922,1,1.0,1,0,1
8,3,7,13.557240779123559,1,1.0,2,0,1
8,2,3,21.012559295373777,2,1.0,5,0,1
8,4,7,7.895544302471644,1,1.0,0,0,1
8,4,6,12.574261997813549,1,1.0,4,0,1
9,1,5,15.738510575658234,1,1.0,2,0,1
8,3,7,12.12083076025095,2,1.0,4,0,1
11,1,6,15.638559669357775,2,1.0,6,0,1
15,0,5,8.449959441649892,1,1.0,2,0,1
16,2,6,18.415701526490402,1,1.0,1,0,1
12,0,7,2.803947235769419,2,1.0,5,0,1
18,0,7,11.595602135544368,1,1.0,3,0,1
8,1,7,11.337171613275515,1,1.0,3,0,1
15,4,7,16.24792632268944,2,1.0,4,0,1
12,0,1,17.81229143296153,2,1.0,3,0,1
7,4,1,8.175273795608582,1,1.0,4,0,1
7,3,3,10.930812884310289,1,1.0,6,0,1
14,1,7,9.740155051927552,1,1.0,4,0,1
9,2,6,23.66878266852782,2,1.0,1,0,1
8,4,3,10.225268848965136,1,1.0,0,0,1
7,1,3,12.561905948983474,2,1.0,3,0,1
8,2,1,17.69454377037207,1,1.0,5,0,1
18,2,6,11.781664901298639,2,1.0,0,0,1
13,0,5,10.250270827425798,2,1.0,0,0,1
9,4,7,16.128631814735893,1,1.0,4,0,1
15,4,41,30.424474503460953,5,0.0,0,1,-1
17,1,1,12.130637364678945,2,1.0,1,0,1
18,2,6,11.772265216065966,2,1.0,0,0,1
11,3,3,17.059235418197076,2,1.0,2,0,1
11,2,5,17.044510276952636,2,1.0,6,0,1
17,2,6,9.178026792466484,1,1.0,3,0,1
16,2,26,6.4140875709646235,3,0.0,0,1,-1
9,3,3,5.208349578951186,1,1.0,5,0,1
7,3,6,7.512166574998166,2,1.0,1,0,1
18,3,1,12.34431007307535,2,1.0,6,0,1
11,3,7,10.632528497346339,2,1.0,6,0,1
0,0,3,19.68127357248017,1,1.0,0,1,-1
7,0,4,2.517888119701638,2,1.0,4,0,1
12,0,1,13.287150380290067,1,1.0,0,0,1
17,4,1,22.513012174481354,1,1.0,4,0,1
11,1,2,15.588967475619063,2,1.0,3,0,1
11,3,3,2.929868259459246,1,1.0,5,0,1
8,0,3,13.795391486715776,2,1.0,2,0,1
16,3,5,11.2362771609374,2,1.0,6,0,1
13,1,6,10.151514720144567,1,1.0,0,0,1
11,3,1,8.597085569666609,1,1.0,5,0,1
8,0,4,16.950973782449232,2,1.0,4,0,1
9,2,2,16.320903524208912,2,1.0,3,0,1
16,0,5,11.366087028107941,2,1.0,1,0,1
7,0,6,21.842381542132728,1,1.0,0,0,1
9,0,4,14.456014692505006,2,1.0,2,0,1
11,0,2,13.104584040719466,2,1.0,4,0,1
9,1,5,9.406597089321409,1,1.0,2,0,1
11,4,1,7.532367575233392,1,1.0,2,0,1
11,1,3,13.084532218661813,1,1.0,2,0,1
8,4,5,14.874344349191919,2,1.0,6,0,1
15,0,7,12.15983279635064,1,1.0,5,0,1
17,1,2,14.972499033747786,1,1.0,4,0,1
13,0,3,11.429919423752098,1,1.0,4,0,1
12,1,5,15.185845353507517,1,1.0,1,0,1
7,3,6,10.07308799468661,2,1.0,1,0,1
15,3,5,12.729462679584291,1,1.0,0,0,1
7,1,3,7.495725467834082,2,1.0,5,0,1
11,1,10,33.7286954837874,5,1.0,1,1,-1
13,2,1,16.299907201368065,2,1.0,3,0,1
16,3,1,12.788774355801339,2,1.0,5,0,1
18,0,6,14.326730867633229,2,1.0,0,0,1
17,0,4,18.318805809508905,1,1.0,3,0,1
16,4,2,7.9719312862802,1,1.0,3,0,1
16,3,4,12.593670441042475,2,1.0,5,0,1
16,3,4,15.392295765059192,2,1.0,3,0,1
10,3,2,15.578631695284052,1,1.0,2,0,1
11,4,1,7.825248158561612,2,1.0,5,0,1
7,1,6,13.102361603863411,2,1.0,6,0,1
18,1,5,14.511456126911932,2,1.0,1,0,1
17,0,2,25.421728712116554,2,1.0,4,0,-1
11,3,3,9.031419707323188,1,1.0,4,0,1
9,4,3,11.402820630281404,1,1.0,6,0,1
13,0,2,6.946894146052971,1,1.0,6,0,1
8,3,1,9.751624634268879,2,1.0,0,0,1
11,0,6,7.410737840520314,2,1.0,6,0,1
7,3,3,18.105655392632467,2,1.0,0,0,1
13,4,7,19.690327180527348,2,1.0,4,0,1
16,1,6,12.443531195223787,1,1.0,3,0,1
14,0,2,17.319717231140316,1,1.0,2,0,1
7,1,5,12.041396371667169,1,1.0,4,0,1
10,3,4,16.048591325439226,1,1.0,5,0,1
7,3,5,18.05862149235344,1,1.0,0,0,1
12,2,37,34.06440798747634,5,0.0,0,1,-1
9,1,7,12.285943085959323,2,1.0,6,0,1
10,3,3,9.659679987546273,1,1.0,5,0,1
12,0,5,1.7550667829281732,2,1.0,0,0,1
17,3,7,12.120516132386737,2,1.0,0,0,1
9,3,6,11.633474214552212,2,1.0,5,0,1
10,2,2,14.30768287305721,1,1.0,1,0,1
7,2,6,15.077854607477224,2,1.0,0,0,1
11,0,2,4.607106661635054,1,1.0,5,0,1
15,4,5,17.09177692114135,2,1.0,5,0,1
12,4,1,8.405547924151882,1,1.0,5,0,1
18,2,6,15.813347752192762,1,1.0,6,0,1
14,0,6,8.952397591534076,2,1.0,0,0,1
11,2,4,13.433964487720987,2,1.0,3,0,1
13,2,5,26.81554228153354,1,1.0,0,0,1
7,0,7,10.79472874841666,1,1.0,0,0,1
9,4,6,11.037418880787234,2,1.0,5,0,1
10,0,7,9.454161150375189,1,1.0,6,0,1
13,1,3,18.271567664693194,1,1.0,3,0,1
7,0,2,4.78970229070895,1,1.0,5,0,1
15,2,3,8.97668966252392,1,1.0,0,0,1
16,0,7,7.833890672735605,1,1.0,0,0,1
15,1,4,19.222437444732506,1,1.0,2,0,1
13,4,4,5.570223038547758,1,1.0,1,0,1
14,3,4,19.47706831237685,1,1.0,5,0,1
13,1,6,7.953558563778546,2,1.0,5,0,1
8,4,3,6.437108489944748,1,1.0,1,0,1
3,3,3,24.3956916201977,2,1.0,0,1,-1
8,3,3,7.174501646317103,1,1.0,5,0,1
18,3,1,11.167613065259893,1,1.0,0,0,1
9,3,2,10.771673620202982,2,1.0,1,0,1
18,3,4,14.212483397839652,2,1.0,3,0,1
10,0,196,1.403170811884287,4,1.0,2,1,-1
11,4,6,18.294416866447648,2,1.0,2,0,1
15,4,6,9.570525879373092,1,1.0,6,0,1
11,4,3,15.324777288678582,2,1.0,5,0,1
12,3,6,6.7987486650459745,2,1.0,5,0,1
9,2,7,11.791314338117607,1,1.0,3,0,1
9,4,3,17.696905074178094,2,1.0,4,0,1
8,3,1,10.142642500692247,1,1.0,5,0,1
11,2,4,17.311668312100295,1,1.0,3,0,1
9,4,1,7.084389327090792,2,1.0,6,0,1
13,2,6,13.607752565237378,1,1.0,5,0,1
18,1,3,9.910808379393233,1,1.0,0,0,1
15,4,1,17.420665437389005,2,1.0,5,0,1
14,2,3,17.921045729808455,1,1.0,5,0,1
7,2,5,16.30817331486073,2,1.0,1,0,1
10,3,7,0.06496344037941526,1,1.0,2,0,1
14,3,1,13.737945512813848,1,1.0,6,0,1
18,3,5,10.213144517917021,2,1.0,2,0,1
10,4,2,10.793986250999271,1,1.0,1,0,1
13,1,1,18.261835483303877,1,1.0,5,0,1
11,3,2,14.746637730584665,2,1.0,3,0,1
9,2,1,6.466902946593622,2,1.0,0,0,1
10,2,1,7.779416914169372,2,1.0,1,0,1
17,3,2,7.552756253802259,2,1.0,3,0,1
12,4,3,14.118365993747815,2,1.0,6,0,1
18,2,3,5.357101711380067,2,1.0,3,0,1
18,3,7,6.395208873968215,2,1.0,6,0,1
15,2,4,15.08620227178191,1,1.0,1,0,1
12,3,1,10.008317779348817,1,1.0,3,0,1
11,4,1,19.235053333874035,2,1.0,0,0,1
9,2,2,12.285681775806317,2,1.0,0,0,1
11,2,6,25.463790812618633,2,1.0,0,0,1
9,2,6,18.223263907676504,2,1.0,6,0,1
16,1,2,7.4356784111818515,2,1.0,2,0,1
14,3,4,11.527588429277564,2,1.0,0,0,1
14,4,6,6.968653228372575,2,1.0,6,0,1
10,4,6,12.05321121616325,2,1.0,6,0,1
9,1,3,15.894553401060287,1,1.0,6,0,1
7,3,3,19.306421387676185,2,1.0,2,0,1
9,1,5,11.061707528518994,2,1.0,2,0,1
16,3,6,26.603762829429407,2,1.0,5,0,1
17,1,6,25.743224672419437,1,1.0,6,0,-1
13,2,5,7.947176451873174,2,1.0,0,0,1
7,3,6,20.998093800259667,1,1.0,2,0,1
14,2,3,8.304536921607644,1,1.0,2,0,1
8,0,2,14.48290835274963,1,1.0,6,0,1
9,4,3,15.955149299789516,1,1.0,0,0,1
18,0,2,16.323185919514803,2,1.0,4,0,1
14,3,7,7.189054100096574,1,1.0,0,0,1
9,2,6,4.502042245709082,1,1.0,3,0,1
11,3,6,5.124685575406444,1,1.0,3,0,1
14,4,58,3.954711197261288,4,1.0,1,1,-1
12,4,3,18.641952727059063,1,1.0,1,0,1
18,3,1,12.97837031615489,2,1.0,2,0,1
11,3,7,14.025202717185932,2,1.0,6,0,1
9,0,7,17.257316595040596,2,1.0,5,0,1
8,1,1,6.949770303580879,1,1.0,0,0,1
15,0,5,18.57735522685,1,1.0,4,0,1
7,4,3,8.714250846057178,1,1.0,5,0,1
9,2,7,10.851713656357852,2,1.0,6,0,1
7,4,4,13.695272255664893,1,1.0,6,0,1
7,4,6,14.60904370009366,2,1.0,0,0,1
11,2,5,12.332591369803398,1,1.0,0,0,1
17,3,5,10.21046967685483,2,1.0,1,0,1
12,2,3,7.088799603884068,1,1.0,5,0,1
13,1,5,10.446965425502134,2,1.0,4,0,1
16,2,1,11.311680848198579,1,1.0,5,0,1
15,3,7,14.008943728938583,2,1.0,6,0,1
9,0,5,10.316766978173572,1,1.0,0,0,1
14,1,3,15.921498848613076,2,1.0,5,0,1
13,1,5,11.42339700106181,1,1.0,2,0,1
17,2,1,4.8172863297788275,1,1.0,1,0,1
16,1,196,2.5896392313574,5,1.0,2,1,-1
12,0,7,8.882119543989925,2,1.0,2,0,1
15,4,1,6.848467633528307,1,1.0,0,0,1
12,0,1,8.131374102452021,1,1.0,2,0,1
9,0,1,11.106739404839024,2,1.0,1,0,1
14,2,6,5.13000226288347,2,1.0,4,0,1
10,4,1,15.939507008638296,2,1.0,3,0,1
3,4,5,14.460735902217445,1,1.0,0,1,-1
8,2,4,10.35758514294733,2,1.0,5,0,1
7,2,4,12.979610741771387,1,1.0,1,0,1
12,3,1,15.285300343795038,1,1.0,2,0,1
11,1,3,7.357619848122239,2,1.0,0,0,1
14,2,3,12.751116774684363,1,1.0,4,0,1
18,4,6,14.932803840534394,1,1.0,4,0,1
8,3,7,9.513680166819107,2,1.0,3,0,1
12,2,4,17.454113339277598,1,1.0,5,0,1
9,3,1,10.454230943217434,2,1.0,3,0,1
17,0,3,10.673073004476127,2,1.0,4,0,1
12,0,3,15.982877537645008,2,1.0,4,0,1
8,0,6,9.115714526415578,2,1.0,3,0,1
13,0,3,10.516133695171522,2,1.0,4,0,1
9,0,5,7.935604845503034,1,1.0,6,0,1
16,1,5,13.840808475267288,1,1.0,2,0,1
16,3,6,14.803586411463783,1,1.0,5,0,1
13,3,6,12.772419978595305,2,1.0,5,0,1
9,3,1,22.68260372645051,2,1.0,6,0,1
18,1,1,16.40792492194282,2,1.0,0,0,1
14,3,5,10.64885840486356,2,1.0,4,0,1
8,3,1,17.472879102271627,2,1.0,0,0,1
8,1,5,18.166073519693775,2,1.0,4,0,1
10,2,1,12.993868251726143,1,1.0,5,0,1
9,4,5,14.547681477179657,1,1.0,2,0,1
16,1,6,15.050293837781018,2,1.0,3,0,1
18,3,2,13.937159357921301,2,1.0,1,0,1
8,3,7,10.364931570032558,1,1.0,2,0,1
11,2,1,14.69736686846686,1,1.0,6,0,1
10,4,6,13.439937974636624,1,1.0,5,0,1
13,2,32,26.553459180894432,5,1.0,1,1,-1
18,3,6,12.556632492531554,1,1.0,0,0,1
13,4,2,14.186155487735205,2,1.0,2,0,1
11,2,5,13.937559041361883,2,1.0,4,0,1
17,1,6,15.984910913568095,2,1.0,1,0,1
9,1,4,17.375901984868648,2,1.0,4,0,1
9,0,4,17.49164600347024,2,1.0,2,0,1
8,3,4,16.816483024297494,1,1.0,6,0,1
13,3,6,9.74623945417425,1,1.0,4,0,1
18,3,4,10.197950072150732,1,1.0,0,0,1
12,0,7,12.701467053401483,2,1.0,2,0,1
10,1,5,10.350797116958258,1,1.0,1,0,1
17,3,34,46.72875418185981,5,0.0,1,1,-1
11,0,7,6.293547976219729,2,1.0,1,0,1
16,2,6,9.261709473143078,1,1.0,5,0,1
9,4,2,2.957070214125487,2,1.0,4,0,1
12,0,6,13.042524105816211,2,1.0,0,0,1
14,2,7,10.137540600649265,1,1.0,0,0,1
15,3,7,3.189379304779674,2,1.0,6,0,1
18,2,3,14.284836822667348,1,1.0,4,0,1
8,0,2,14.523561828252804,2,1.0,1,0,1
14,4,4,18.088167948663603,1,1.0,6,0,1
12,1,7,10.990899515327257,2,1.0,1,0,1
11,2,5,17.834439378449282,1,1.0,0,0,1
18,3,6,12.31338025080989,2,1.0,2,0,1
16,3,3,10.078809907681647,2,1.0,6,0,1
16,4,5,9.990062211621824,2,1.0,2,0,1
14,3,2,12.192534912478795,1,1.0,5,0,1
13,1,2,5.779124436610838,2,1.0,3,0,1
8,4,5,8.039367868073318,2,1.0,5,0,1
11,0,1,15.752232854436867,1,1.0,5,0,1
4,0,5,13.232581952244239,2,1.0,0,1,1
16,0,3,14.041522317089186,2,1.0,6,0,1
9,4,6,14.875303837752206,2,1.0,0,0,1
18,1,6,18.873994572815825,2,1.0,3,0,1
15,4,7,12.300684889841461,1,1.0,2,0,1
10,0,7,15.373642730317531,1,1.0,2,0,1
14,0,2,13.07403761438508,2,1.0,4,0,1
14,2,2,10.878089450543317,2,1.0,0,0,1
14,2,7,19.98424897302921,1,1.0,0,0,1
12,1,1,12.551605529235953,1,1.0,5,0,1
7,0,5,5.493384605471773,2,1.0,6,0,1
10,1,5,9.852674282494208,1,1.0,2,0,1
17,2,4,9.341730876662528,1,1.0,1,0,1
17,1,2,15.12574431755196,2,1.0,3,0,1
15,1,1,12.837588062650212,2,1.0,5,0,1
15,3,7,18.747916195234996,2,1.0,2,0,1
17,2,2,22.49879199163279,2,1.0,3,0,1
14,4,4,2.0720184204899184,1,1.0,3,0,1
13,1,1,8.633554407666882,1,1.0,1,0,1
9,3,2,8.142651773892537,2,1.0,6,0,1
8,4,3,16.903041774333786,1,1.0,4,0,1
14,2,7,11.929396390332835,2,1.0,5,0,1
10,4,3,11.360126822357422,2,1.0,0,0,1
8,0,4,16.135801559326055,1,1.0,4,0,1
11,2,6,11.453837849067277,2,1.0,4,0,1
5,3,4,16.61142293807029,2,1.0,1,1,1
8,1,1,10.382453902081819,2,1.0,4,0,1
9,1,1,17.277684868247096,2,1.0,2,0,1
11,0,3,10.237775671119913,2,1.0,0,0,1
18,0,2,15.447157852575662,1,1.0,2,0,1
15,2,2,5.612320889335226,2,1.0,2,0,1
14,2,1,16.316852309201693,2,1.0,6,0,1
7,4,4,11.232559840155163,2,1.0,6,0,1
18,1,2,11.912467754058614,1,1.0,3,0,1
15,2,4,14.206357672608439,2,1.0,4,0,1
16,2,5,24.399257674539683,2,1.0,6,0,1
14,1,6,13.214686772128536,1,1.0,1,0,1
17,3,4,4.959483130935542,2,1.0,2,0,1
14,3,5,15.8789282839661,2,1.0,0,0,1
13,0,6,15.775596219862795,2,1.0,5,0,1
18,2,3,18.14419647536277,2,1.0,2,0,1
11,0,5,1.096213634584462,2,1.0,3,0,1
12,4,5,19.055026036618084,2,1.0,2,0,1
10,1,5,11.464235594822318,1,1.0,2,0,1
14,2,125,1.2884890293847602,4,1.0,2,1,-1
9,1,2,18.94581523935298,1,1.0,2,0,1
17,4,3,5.040268796484218,2,1.0,5,0,1
13,4,6,6.8382758081119555,1,1.0,5,0,1
16,0,6,10.798860668637754,1,1.0,6,0,1
9,0,6,15.017265125935488,1,1.0,3,0,1
8,2,3,5.7723970524933215,1,1.0,5,0,1
16,1,2,9.916726060608713,1,1.0,6,0,1
7,4,7,10.308459667682762,1,1.0,1,0,1
13,3,1,17.528158457620354,1,1.0,0,0,1
11,3,6,5.861323291977392,1,1.0,0,0,1
7,1,1,13.447601046581763,2,1.0,4,0,1
10,2,4,4.910779641449047,1,1.0,3,0,1
7,0,1,11.644536871563677,2,1.0,2,0,1
18,4,5,8.95432615393095,2,1.0,4,0,1
9,4,3,11.97689155548239,2,1.0,5,0,1
9,2,3,6.573806714879898,2,1.0,3,0,1
12,3,2,17.41481385509556,2,1.0,1,0,1
17,0,2,6.012596569471785,2,1.0,6,0,1
5,3,4,16.232415791300163,2,1.0,0,1,1
16,1,7,13.098225801415227,2,1.0,4,0,1
14,1,1,11.610033017074722,2,1.0,2,0,1
7,0,4,16.248097337253522,1,1.0,5,0,1
10,4,4,7.99621223636891,2,1.0,2,0,1
7,2,4,7.515138479504411,2,1.0,0,0,1
16,2,4,17.98896261071189,2,1.0,2,0,1
17,0,7,9.224939402751565,1,1.0,2,0,1
14,4,6,7.622460771764191,1,1.0,2,0,1
18,2,4,2.025827696995126,1,1.0,1,0,1
15,2,1,7.059070383820964,2,1.0,2,0,1
10,0,3,15.126490961164956,1,1.0,3,0,1
18,3,3,2.9460119972018273,2,1.0,4,0,1
10,0,5,13.702312232418281,1,1.0,4,0,1
7,1,4,8.420996186292806,2,1.0,4,0,1
17,0,7,26.2197369826284,2,1.0,4,0,-1
17,4,5,7.41743503178389,2,1.0,4,0,1
14,4,2,15.35105827816655,1,1.0,5,0,1
15,3,2,8.88936081371643,2,1.0,6,0,1
12,2,7,14.917214892490334,2,1.0,0,0,1
15,4,4,13.343093552079143,1,1.0,2,0,1
8,1,5,12.577441415697919,1,1.0,2,0,1
9,3,5,23.281361325689254,2,1.0,4,0,1
16,1,17,17.536748304401847,3,0.0,1,1,-1
7,2,3,15.60546398243048,1,1.0,3,0,1
14,2,6,14.774700997836685,1,1.0,1,0,1
16,0,5,17.77174787382753,2,1.0,6,0,1
17,4,7,6.804566785353124,1,1.0,3,0,1
8,0,7,13.816426949419876,1,1.0,0,0,1
12,3,6,13.157649519014388,1,1.0,3,0,1
8,2,3,21.304935200918056,2,1.0,4,0,1
8,0,6,6.465547977251795,1,1.0,4,0,1
11,4,4,9.57068655797848,1,1.0,3,0,1
16,1,5,1.9852548966391872,1,1.0,4,0,1
9,0,5,16.670168799861678,1,1.0,6,0,1
9,4,2,10.036313186057704,1,1.0,5,0,1
8,2,2,6.019065648820341,1,1.0,6,0,1
9,4,13,17.675017700880055,5,1.0,1,1,-1
12,1,1,12.313296831272737,1,1.0,1,0,1
12,1,2,10.084779181377723,2,1.0,5,0,1
13,4,7,17.007343127670694,2,1.0,5,0,1
15,0,4,7.010223564884141,1,1.0,1,0,1
9,0,2,16.598526466135826,2,1.0,4,0,1
18,4,5,9.501623375260097,1,1.0,0,0,1
7,1,4,10.037391475356007,1,1.0,4,0,1
10,4,5,9.08846436034409,1,1.0,1,0,1
14,3,7,13.453705484755893,2,1.0,5,0,1
18,2,7,10.636609842099501,1,1.0,1,0,1
12,3,4,3.3195212070075044,2,1.0,3,0,1
7,3,1,22.060170654803052,1,1.0,1,0,1
7,0,4,13.269839804504718,2,1.0,2,0,1
18,1,1,17.97047624973076,2,1.0,6,0,1
12,1,4,7.727119098158375,2,1.0,3,0,1
15,2,5,13.424665348424059,1,1.0,1,0,1
12,0,6,10.199842515025212,1,1.0,0,0,1
9,3,2,12.932439769834753,2,1.0,4,0,1
7,4,3,12.823039226540777,1,1.0,4,0,1
17,2,2,11.39460019295478,1,1.0,5,0,1
9,4,4,15.905687379160803,1,1.0,3,0,1
17,0,4,8.973272983113592,1,1.0,2,0,1
17,2,7,7.390252364674696,1,1.0,3,0,1
10,4,1,17.581378318775574,1,1.0,3,0,1
7,2,1,10.728759342936332,1,1.0,1,0,1
16,3,96,3.186461037330324,5,1.0,2,1,-1
12,2,1,9.984053667231048,1,1.0,6,0,1
13,1,3,14.512236333645037,2,1.0,6,0,1
14,3,2,7.855361934975523,2,1.0,4,0,1
18,3,4,0.40993167860152724,1,1.0,0,0,-1
10,4,6,5.68145853010499,1,1.0,0,0,1
12,4,6,24.003724847296592,1,1.0,1,0,1
13,3,3,9.662856431208583,1,1.0,6,0,1
15,0,2,20.3215619386227,2,1.0,1,0,1
14,0,2,9.90764484741402,2,1.0,5,0,1
13,2,7,12.35881715357526,1,1.0,3,0,1
17,2,6,13.001197867307395,2,1.0,3,0,1
16,4,7,6.917195604938253,1,1.0,0,0,1
14,4,2,5.10453803460184,2,1.0,3,0,1
18,1,3,14.958844117789393,2,1.0,5,0,1
7,1,1,12.828666804324586,1,1.0,2,0,1
9,3,7,9.921558998552186,2,1.0,1,0,1
10,4,4,14.274588683708405,2,1.0,1,0,1
8,1,2,12.28371283581027,2,1.0,4,0,1
12,2,7,12.0287072340222,2,1.0,3,0,1
17,2,4,9.215355961575192,1,1.0,1,0,1
13,3,7,11.13918442860977,1,1.0,0,0,1
8,4,4,11.88711196751372,2,1.0,2,0,1
10,4,6,20.52227275197079,2,1.0,4,0,1
17,0,7,17.10550786453054,1,1.0,3,0,1
13,3,5,14.711493846528708,1,1.0,4,0,1
14,4,6,16.32963309152551,1,1.0,4,0,1
7,1,4,14.27843514457345,2,1.0,3,0,1
8,1,4,12.212851706895165,1,1.0,3,0,1
13,0,2,6.544354813985917,2,1.0,0,0,1
11,1,3,14.413470258080771,2,1.0,2,0,1
9,3,5,11.850915916655861,2,1.0,1,0,1
13,0,5,13.261871047668034,1,1.0,2,0,1
13,0,1,15.228895464518153,1,1.0,2,0,1
11,4,7,17.17942330776792,1,1.0,5,0,1
7,4,7,10.834368721868715,1,1.0,0,0,1
9,1,5,0.1754878730469258,1,1.0,0,0,1
8,4,3,11.205321323356094,2,1.0,3,0,1
17,3,26,29.165132404495306,5,0.0,1,1,-1
7,1,7,4.069491705890183,1,1.0,5,0,1
8,2,5,9.192584876169882,2,1.0,6,0,1
14,2,7,20.402478152073236,2,1.0,5,0,1
8,3,6,11.714516945819733,1,1.0,2,0,1
15,2,4,9.322890613333257,1,1.0,6,0,1
17,3,7,7.270736693120231,1,1.0,2,0,1
9,2,6,18.086448669613837,1,1.0,3,0,1
16,3,5,14.973892979122931,1,1.0,6,0,1
13,1,4,5.504022408438322,2,1.0,4,0,1
17,4,4,19.268570484397358,2,1.0,2,0,1
15,0,2,10.669347993456661,1,1.0,4,0,1
13,4,1,20.737774538116316,2,1.0,6,0,1
12,4,5,8.886734007693143,1,1.0,1,0,1
14,0,1,18.54572193458798,2,1.0,0,0,1
16,2,7,7.571688691718844,1,1.0,6,0,1
13,2,3,11.22692929226547,1,1.0,1,0,1
14,2,3,8.714427612297111,1,1.0,6,0,1
16,1,4,9.610858113129655,1,1.0,4,0,1
8,4,5,11.538293185040738,1,1.0,6,0,1
18,4,5,4.942169224080215,2,1.0,1,0,1
15,0,4,15.806321455823698,2,1.0,1,0,1
18,0,4,2.3238470759612113,2,1.0,1,0,1
9,3,5,15.154795385114566,2,1.0,0,0,1
16,0,1,3.905973455711605,2,1.0,6,0,1
9,3,5,8.337361580863636,1,1.0,1,0,1
14,4,3,12.401532285347272,2,1.0,6,0,1
11,0,4,15.198797208911222,2,1.0,0,0,1
15,1,6,13.072672135146068,1,1.0,3,0,1
9,0,3,3.8014544056485544,1,1.0,1,0,1
11,0,2,20.804947926126758,1,1.0,4,0,1
14,4,1,12.909289584842066,1,1.0,6,0,1
18,0,4,12.954968738853049,1,1.0,4,0,1
15,0,1,17.272678816797082,1,1.0,6,0,1
14,2,3,8.926392713673797,2,1.0,0,0,1
16,2,5,6.666719334710955,2,1.0,1,0,1
9,4,7,10.81337348101737,2,1.0,4,0,1
9,3,1,20.946565429320835,2,1.0,3,0,1
12,0,2,21.710948063468855,1,1.0,2,0,1
7,1,2,9.646693191360988,1,1.0,0,0,1
10,0,5,14.794529805820805,2,1.0,1,0,1
13,0,2,13.728067081926843,1,1.0,0,0,1
14,3,3,12.323105155902661,1,1.0,5,0,1
12,4,2,17.228895758011827,1,1.0,4,0,1
14,3,3,6.711988996075361,1,1.0,3,0,1
14,3,7,17.483532151700636,1,1.0,6,0,1
11,1,1,13.161072529774499,2,1.0,5,0,1
18,1,2,17.45945657077055,2,1.0,5,0,1
15,0,17,12.163180971964469,2,0.0,2,1,-1
7,2,4,6.1268416152121326,1,1.0,5,0,1
10,3,4,5.440629884098811,1,1.0,1,0,1
15,4,3,18.56451326959892,1,1.0,6,0,1
11,3,3,15.315496233700866,1,1.0,1,0,1
17,2,7,13.211511373319238,2,1.0,6,0,1
11,2,3,32.26275061105978,1,1.0,3,0,1
7,4,5,12.144204358016559,1,1.0,6,0,1
8,3,7,9.818791149415917,2,1.0,6,0,1
8,4,2,11.630770364177254,2,1.0,4,0,1
16,1,1,3.882333078007971,1,1.0,0,0,1
13,0,2,10.237878724681362,1,1.0,2,0,1
11,0,6,7.060336960470396,1,1.0,5,0,1
11,0,3,8.30333605321638,1,1.0,4,0,1
12,1,4,19.252403924479427,2,1.0,1,0,1
14,4,7,9.48317953374746,2,1.0,3,0,1
13,2,3,16.293091990380077,1,1.0,4,0,1
9,0,2,7.60606555833946,2,1.0,5,0,1
13,2,7,8.153194756359843,1,1.0,4,0,1
8,4,41,33.60124507157318,5,1.0,1,1,-1
13,4,1,4.585040660850674,2,1.0,0,0,1
18,4,6,5.269319820220287,2,1.0,6,0,1
15,1,1,18.393119440255738,1,1.0,4,0,1
14,0,1,9.249336249398542,1,1.0,6,0,1
16,4,5,5.088486954316191,1,1.0,5,0,1
16,4,2,7.483195212261549,2,1.0,5,0,1
17,4,7,12.011193754621512,2,1.0,5,0,1
7,1,3,17.825618699100673,1,1.0,6,0,1
15,0,1,13.951103921592395,1,1.0,2,0,1
17,3,2,21.851292243170683,1,1.0,1,0,1
13,0,6,14.811720196170835,1,1.0,1,0,1
14,1,44,22.497053509667168,5,1.0,0,1,-1
15,0,6,8.058069430654967,1,1.0,6,0,1
14,4,6,17.054796032095158,2,1.0,6,0,1
7,4,7,11.665200483514301,2,1.0,2,0,1
14,2,4,13.45272129739873,2,1.0,6,0,1
15,4,2,2.8653572676108308,1,1.0,3,0,1
8,1,7,10.281049312798704,2,1.0,4,0,1
10,0,4,17.47529433240693,2,1.0,5,0,1
16,0,5,11.466621590278395,1,1.0,2,0,1
17,1,7,7.962788874628764,1,1.0,2,0,1
16,3,4,20.659497336815015,2,1.0,6,0,1
11,0,5,1.8726843271719709,1,1.0,6,0,1
7,3,1,6.41797610024984,2,1.0,6,0,1
9,3,1,9.759830702831445,1,1.0,2,0,1
17,0,7,18.654036210172055,1,1.0,3,0,1
7,3,6,14.301583599401695,1,1.0,3,0,1
10,2,3,21.7923715056575,1,1.0,2,0,1
15,1,3,10.79516434143992,2,1.0,4,0,1
13,3,6,8.847284521309923,2,1.0,4,0,1
8,4,6,12.323798808522827,2,1.0,2,0,1
14,0,7,15.43949983997955,2,1.0,2,0,1
15,4,3,17.57733341547606,1,1.0,4,0,1
17,1,5,12.24369577014384,1,1.0,6,0,1
14,4,7,16.21931916089181,1,1.0,2,0,1
13,1,3,15.607645147285954,1,1.0,5,0,1
15,4,2,16.50775628287382,2,1.0,6,0,1
16,3,4,18.517167207578687,1,1.0,4,0,1
17,0,3,6.628473068867565,1,1.0,1,0,1
14,3,6,11.13032464189786,1,1.0,6,0,1
17,4,7,7.906179463944896,1,1.0,2,0,1
9,3,3,12.60523474940342,2,1.0,3,0,1
15,0,4,15.542801574283224,2,1.0,1,0,1
12,4,2,12.80519753906427,2,1.0,6,0,1
12,0,5,9.380500858280367,2,1.0,2,0,1
12,4,6,13.32599317974151,2,1.0,0,0,1
8,1,5,14.271818537493296,2,1.0,1,0,1
7,4,4,8.797056236254534,1,1.0,3,0,1
13,0,4,11.545359135881624,1,1.0,6,0,1
15,4,7,18.91990245586009,2,1.0,0,0,1
14,2,1,11.155533383060396,1,1.0,6,0,1
15,2,1,12.212741289951547,1,1.0,6,0,1
12,2,7,17.65905080607712,2,1.0,6,0,1
18,3,2,7.92763942777459,1,1.0,1,0,1
13,4,7,16.049439084869363,1,1.0,6,0,1
9,1,5,8.804748014574846,1,1.0,5,0,1
18,2,2,18.51532490166221,2,1.0,3,0,1
15,3,2,21.151969280640827,2,1.0,5,0,1
8,0,16,16.627729076610358,2,0.0,0,1,-1
9,0,1,17.097959065153976,2,1.0,0,0,1
16,4,1,18.582730860923448,1,1.0,1,0,1
13,2,7,1.11709457187942,2,1.0,3,0,1
18,3,7,15.237044392874015,1,1.0,2,0,1
12,3,1,18.130781837757276,1,1.0,0,0,1
11,3,1,16.213530093492253,1,1.0,2,0,1
7,0,6,2.3431156960348076,2,1.0,1,0,1
16,1,5,5.094963462735011,1,1.0,4,0,1
10,1,1,13.623442908175422,2,1.0,3,0,1
11,0,3,16.368298384471466,1,1.0,2,0,1
11,3,1,24.523083401357844,1,1.0,6,0,-1
7,2,5,11.857960688534178,1,1.0,6,0,1
7,2,4,3.4574074838463957,2,1.0,2,0,1
10,1,6,20.45200254065209,1,1.0,6,0,1
12,3,3,10.74992657032319,2,1.0,6,0,1
18,3,2,7.6905753550253015,2,1.0,4,0,1
11,3,4,15.980463529992843,2,1.0,6,0,1
17,0,3,16.094018878686317,1,1.0,0,0,1
11,1,3,12.489816322380634,1,1.0,4,0,1
16,3,6,2.822267946058423,1,1.0,6,0,1
17,1,5,5.671436739152053,2,1.0,3,0,1
13,0,2,14.056979385791806,1,1.0,4,0,1
13,4,4,7.588946020020476,1,1.0,4,0,1
14,3,3,18.17646257425212,2,1.0,3,0,1
13,4,5,16.607070903372396,2,1.0,5,0,1
15,2,4,8.714685404291437,2,1.0,6,0,1
11,4,4,13.148207081949348,2,1.0,2,0,1
14,4,4,10.390434294349548,1,1.0,4,0,1
7,4,4,6.821888262623357,1,1.0,5,0,1
12,0,1,16.710014584682824,1,1.0,2,0,1
12,3,4,7.273736709612614,2,1.0,4,0,1
8,4,6,2.4777387987154196,2,1.0,1,0,1
7,3,7,9.987646538051685,1,1.0,3,0,1
14,0,6,16.180728278528836,2,1.0,4,0,1
11,1,4,15.092181552993848,2,1.0,5,0,1
7,1,4,16.99211411561087,2,1.0,2,0,1
8,2,7,12.575580348928373,1,1.0,6,0,1
18,4,2,8.457043665308923,1,1.0,2,0,1
14,0,4,19.793606064217187,1,1.0,4,0,1
14,0,7,6.245047179947132,2,1.0,0,0,1
9,4,1,25.38988638084939,2,1.0,4,0,1
7,0,6,3.650999234518265,2,1.0,5,0,1
16,2,5,14.777943423344684,2,1.0,0,0,1
18,1,3,15.53194200151112,1,1.0,4,0,1
18,4,4,8.142274565242564,2,1.0,5,0,1
17,0,7,11.602363661459007,2,1.0,2,0,1
9,0,1,9.15174282920837,1,1.0,3,0,1
16,2,2,12.30663584759724,1,1.0,2,0,1
10,3,2,12.889584035049362,1,1.0,6,0,1
9,4,1,10.902597233928358,2,1.0,4,0,1
18,1,2,6.925386541708288,1,1.0,3,0,1
10,3,5,8.672730334845518,1,1.0,6,0,1
13,2,4,10.333525568192204,2,1.0,6,0,1
15,3,1,0.03934163463442886,1,1.0,6,0,1
17,2,3,16.815913714264084,2,1.0,3,0,1
14,0,7,10.385567977106968,2,1.0,1,0,1
8,3,5,24.919034244088337,2,1.0,4,0,1
16,2,5,3.5981180403983757,1,1.0,2,0,1
16,0,7,22.86474874680432,2,1.0,3,0,1
9,3,7,21.673406147069088,1,1.0,2,0,1
17,3,3,10.413557171680875,1,1.0,3,0,1
15,0,185,1.6645050409716569,5,1.0,1,1,-1
12,4,5,13.639359091166453,2,1.0,0,0,1
15,3,2,13.576224632854272,2,1.0,0,0,1
15,2,2,6.615122268347456,2,1.0,2,0,1
7,4,7,8.428769444732037,1,1.0,6,0,1
13,2,5,24.321062204996103,1,1.0,4,0,1
11,3,4,10.03839498743629,1,1.0,5,0,1
14,3,6,16.678372281928965,1,1.0,4,0,1
7,0,3,6.307574550311585,2,1.0,3,0,1
17,3,2,9.36725345289617,1,1.0,3,0,1
14,4,3,8.642189497078686,2,1.0,0,0,1
8,0,1,1.9575814192824978,2,1.0,4,0,1
17,0,4,9.962249899147604,1,1.0,1,0,1
8,4,4,12.60059441537561,1,1.0,3,0,1
7,1,5,12.742931145415303,1,1.0,5,0,1
18,4,7,9.818202656408797,1,1.0,0,0,1
7,3,4,13.163286024064764,2,1.0,6,0,1
4,0,9,17.042780902302802,2,1.0,0,1,-1
10,4,6,11.789051497697326,2,1.0,1,0,1
16,2,5,8.689601058330155,2,1.0,6,0,1
15,3,2,13.322826312671802,2,1.0,2,0,1
8,1,3,13.317845367677421,2,1.0,1,0,1
8,3,1,18.623493524865253,1,1.0,0,0,1
15,1,7,8.30683903179098,2,1.0,3,0,1
16,2,1,2.054803464244923,1,1.0,5,0,1
7,1,3,3.325361839324689,1,1.0,3,0,1
9,1,1,8.391063993827952,2,1.0,6,0,1
11,4,5,11.601078272836613,2,1.0,4,0,1
7,2,3,9.698588246415818,1,1.0,4,0,1
14,0,1,17.35541540364016,2,1.0,3,0,1
18,0,3,7.041697786831672,1,1.0,2,0,1
17,4,7,13.704339225629134,2,1.0,0,0,1
14,2,6,10.996025015656878,2,1.0,4,0,1
16,2,6,10.700762914984372,1,1.0,6,0,1
7,3,4,11.131854833811747,2,1.0,6,0,1
11,4,1,9.398089398988024,1,1.0,4,0,1
18,2,6,7.444130118245856,1,1.0,0,0,1
11,1,6,12.347695544465543,2,1.0,3,0,1
16,4,7,13.057288769336179,2,1.0,6,0,1
16,0,5,11.89286723136718,1,1.0,4,0,1
9,2,7,16.009154912724597,1,1.0,0,0,1
15,0,4,14.745660279828087,1,1.0,5,0,1
17,0,3,8.26310885626854,1,1.0,2,0,1
10,3,1,3.942662845807263,2,1.0,0,0,1
15,1,3,10.628574846436992,1,1.0,5,0,1
10,2,4,11.543712238341858,1,1.0,0,0,1
9,0,2,5.085325248416094,2,1.0,3,0,1
10,0,2,12.548871933951865,2,1.0,1,0,1
9,2,5,13.821251061114946,1,1.0,1,0,1
9,2,5,11.361609638472032,1,1.0,5,0,1
18,3,6,10.329238092728337,1,1.0,6,0,1
7,2,4,10.720630920421101,2,1.0,4,0,1
10,0,5,6.683437605691479,2,1.0,3,0,1
16,3,1,7.506163877363007,1,1.0,0,0,1
12,3,4,6.737599615017936,2,1.0,3,0,1
11,0,2,6.8492193326820265,1,1.0,1,0,1
9,3,7,2.263804876644512,1,1.0,1,0,1
17,0,1,9.105920929407448,1,1.0,0,0,1
12,3,1,14.838785385430345,1,1.0,3,0,1
15,2,5,12.536579573309805,2,1.0,2,0,1
17,0,6,17.211802312464034,2,1.0,6,0,1
12,1,5,11.309883622751169,2,1.0,2,0,1
9,1,2,14.21039518400504,1,1.0,4,0,1
10,3,1,13.132959957464053,2,1.0,4,0,1
15,0,2,6.162498203264867,2,1.0,0,0,1
16,4,7,14.251333173197434,1,1.0,4,0,1
10,1,3,11.848072552450068,1,1.0,1,0,1
8,1,6,15.509787458161629,1,1.0,1,0,1
18,2,2,7.563271862477913,1,1.0,1,0,1
18,1,5,9.511958167188304,2,1.0,2,0,1
15,0,2,15.020602529923707,2,1.0,3,0,1
11,0,2,10.293359401182366,1,1.0,0,0,1
11,0,2,1.2923821592710585,1,1.0,3,0,1
10,2,2,14.157269169973798,2,1.0,2,0,1
18,3,7,13.914482281055442,1,1.0,1,0,1
13,0,4,6.860316194633305,1,1.0,0,0,1
14,1,3,12.804421914958844,2,1.0,2,0,1
8,0,4,5.302584223446651,2,1.0,1,0,1
9,0,2,18.223572884092043,1,1.0,0,0,1
16,2,7,14.566162134075913,1,1.0,1,0,1
12,0,7,23.221125899680402,1,1.0,1,0,1
18,4,4,12.604309395131992,1,1.0,5,0,1
8,4,5,15.853193394750694,1,1.0,0,0,1
9,4,1,10.64397403369637,1,1.0,2,0,1
12,1,2,17.32712216138129,2,1.0,3,0,1
14,2,78,2.8739723334780876,5,1.0,2,1,-1
18,2,5,14.856238297942486,1,1.0,4,0,1
12,0,2,5.949646399493984,2,1.0,6,0,1
13,4,22,20.70246991154128,4,0.0,2,1,-1
14,2,4,12.401254948558869,1,1.0,6,0,1
10,2,6,21.415411265348666,2,1.0,4,0,1
12,0,5,0.01588296296009517,1,1.0,1,0,1
12,0,5,10.33187724102975,1,1.0,4,0,1
15,3,7,12.893277405064564,1,1.0,0,0,1
16,0,2,19.49097643457574,1,1.0,2,0,1
9,2,7,2.832452280040771,2,1.0,5,0,1
17,3,3,18.243959502747792,1,1.0,0,0,1
10,1,6,3.3498313028235422,2,1.0,1,0,1
7,0,1,16.4132403850656,1,1.0,4,0,1
13,1,17,15.019806404622939,2,0.0,1,1,-1
17,2,3,12.234502828451054,1,1.0,1,0,1
10,2,3,17.693673871368034,1,1.0,4,0,1
16,3,6,12.908371364517357,2,1.0,5,0,1
9,3,3,20.24533143600243,1,1.0,2,0,1
11,1,4,20.00973753256198,1,1.0,3,0,1
13,4,6,17.62846408008458,2,1.0,4,0,1
18,1,2,21.68777150981169,1,1.0,0,0,1
14,2,7,10.465982427757025,1,1.0,1,0,1
17,4,7,5.584274957768719,1,1.0,6,0,1
15,4,7,13.670593248149983,2,1.0,4,0,1
17,3,4,11.424316982543512,1,1.0,3,0,1
18,4,2,14.090130892059351,1,1.0,1,0,1
16,1,5,7.587704758838757,1,1.0,0,0,1
10,1,6,22.304797182312562,2,1.0,1,0,1
12,3,3,9.964465156229178,1,1.0,0,0,1
14,2,2,2.613879465973522,1,1.0,3,0,1
9,2,4,9.282636205852324,1,1.0,4,0,1
16,1,7,6.511135910079087,2,1.0,0,0,1
15,4,2,9.044416313076455,1,1.0,5,0,1
13,3,3,15.979278148270229,1,1.0,1,0,1
13,0,3,15.383239696496407,1,1.0,6,0,1
7,4,3,7.078001870659085,2,1.0,6,0,1
9,4,4,19.119811358849034,2,1.0,0,0,1
18,2,6,10.309809795450269,1,1.0,4,0,1
9,3,1,9.95157905390986,2,1.0,6,0,1
10,1,3,12.206842719994452,2,1.0,0,0,1
13,2,3,6.875969233314361,2,1.0,3,0,1
10,4,7,3.22964415540806,2,1.0,6,0,1
18,2,6,18.649984187733285,2,1.0,4,0,1
8,3,3,3.2181948418075272,2,1.0,4,0,1
16,1,3,17.435511810078715,1,1.0,0,0,1
9,1,7,17.393353787640052,1,1.0,3,0,1
14,0,3,5.858388024595549,1,1.0,3,0,1
7,4,5,13.677631128123563,1,1.0,3,0,1
9,3,7,20.095046436436505,1,1.0,2,0,1
7,0,2,3.0550529360149756,2,1.0,3,0,1
13,4,2,18.53639298549878,2,1.0,5,0,1
8,1,1,6.530428848938822,1,1.0,2,0,1
11,0,5,8.97840859362581,1,1.0,0,0,1
8,3,5,20.86343634237023,1,1.0,6,0,1
9,1,2,12.449280814566912,2,1.0,2,0,1
16,0,1,16.351244969556554,2,1.0,6,0,1
11,2,3,9.208957335840902,2,1.0,3,0,1
11,4,4,15.13416828514065,1,1.0,4,0,1
14,0,2,15.85320612823189,2,1.0,2,0,1
13,1,7,13.02507386435464,1,1.0,3,0,1
15,3,2,16.17804012559985,2,1.0,3,0,1
9,3,1,4.011019240502029,2,1.0,6,0,1
13,2,4,20.368492231104316,1,1.0,3,0,1
13,0,6,17.970800912622288,2,1.0,5,0,1
13,3,1,14.175421989831369,2,1.0,0,0,1
9,1,1,10.719297029822867,2,1.0,3,0,1
14,3,1,7.478470932526707,1,1.0,2,0,1
18,4,2,21.72296996798511,1,1.0,6,0,-1
14,1,3,11.710815251979874,1,1.0,3,0,1
18,2,1,7.3675546764987825,1,1.0,1,0,1
10,3,6,21.346346416081204,2,1.0,1,0,1
17,2,5,4.973754046133456,2,1.0,2,0,1
8,0,2,8.349688903734254,2,1.0,2,0,1
7,3,3,12.706767633034664,2,1.0,4,0,1
9,4,2,5.692905041242996,1,1.0,5,0,1
10,0,1,19.241754284646383,1,1.0,0,0,1
10,3,7,16.24601154631109,1,1.0,5,0,1
7,1,3,14.12378090566181,1,1.0,0,0,1
12,2,5,2.187798875765747,2,1.0,4,0,1
10,4,4,14.052148765972511,2,1.0,3,0,1
10,0,2,12.361817554953985,2,1.0,6,0,1
14,4,3,13.794448799734262,1,1.0,4,0,1
16,3,4,15.377045594655206,2,1.0,4,0,1
13,2,1,3.956156683977383,1,1.0,4,0,1
12,2,3,15.361796044417506,1,1.0,5,0,1
8,3,7,12.871876928375086,1,1.0,4,0,1
12,3,2,8.350295270489763,1,1.0,3,0,1
13,4,5,12.835535015701128,1,1.0,1,0,1
12,2,3,10.768140707933235,1,1.0,0,0,1
16,4,3,10.972674901856374,1,1.0,5,0,1
10,1,2,9.612379555310651,1,1.0,4,0,1
14,4,7,6.491529737214596,2,1.0,2,0,1
17,4,7,5.318579557075145,2,1.0,5,0,1
7,0,6,1.904903874795588,1,1.0,5,0,-1
16,1,2,19.527411423556728,2,1.0,4,0,1
7,1,6,13.132295155567235,2,1.0,1,0,1
16,0,5,12.321862854361154,2,1.0,1,0,1
15,1,5,11.010171221847354,2,1.0,4,0,1
7,0,1,6.976514501728632,2,1.0,2,0,1
13,1,6,7.144509092078426,2,1.0,0,0,1
15,2,5,2.1146451304482206,1,1.0,5,0,1
7,3,2,11.94224350886676,2,1.0,2,0,1
18,0,1,13.543791021556967,2,1.0,1,0,1
9,1,5,21.77148619012656,1,1.0,0,0,1
12,3,6,7.695494457532486,1,1.0,1,0,1
13,0,7,11.35234296138783,2,1.0,3,0,1
8,3,7,14.756972747956986,1,1.0,0,0,1
17,2,5,14.37316727007087,1,1.0,5,0,1
16,0,1,11.727745187895623,1,1.0,2,0,1
9,0,1,9.23156128985168,1,1.0,2,0,1
15,2,2,6.944791176950946,1,1.0,3,0,1
14,3,2,19.051162577754393,1,1.0,1,0,1
4,3,4,16.479596537471974,1,1.0,1,1,1
9,2,7,18.222649553383214,1,1.0,5,0,1
15,3,3,7.028616441555228,2,1.0,3,0,1
18,4,3,20.291036863059013,2,1.0,2,0,1
17,1,7,8.236223254376114,2,1.0,4,0,1
17,2,5,16.580256615591555,2,1.0,3,0,1
10,1,5,7.945744329296597,1,1.0,2,0,1
14,0,4,14.668730518707864,1,1.0,5,0,1
7,1,2,15.180777425197178,2,1.0,6,0,1
15,3,7,9.441607205648761,2,1.0,2,0,1
16,3,5,9.088462152336186,2,1.0,3,0,1
14,2,7,6.857375071604139,2,1.0,4,0,1
10,0,4,16.032910477053676,2,1.0,4,0,1
10,3,5,8.502576104195965,1,1.0,5,0,1
13,0,25,18.51266656966928,4,0.0,2,1,-1
12,2,6,12.000495109259102,1,1.0,6,0,1
18,2,1,15.77950608298176,1,1.0,0,0,1
9,4,4,12.550165450237527,1,1.0,2,0,1
13,0,3,9.646382958980745,2,1.0,4,0,1
16,4,7,7.722163817883604,1,1.0,3,0,1
8,3,1,12.306138042350867,1,1.0,0,0,1
16,3,2,12.046132170721636,2,1.0,3,0,1
18,0,4,18.33819688030229,2,1.0,1,0,1
14,2,5,23.530764923731073,1,1.0,2,0,1
8,3,2,10.598803076279044,2,1.0,4,0,1
8,0,3,12.64841954782638,2,1.0,3,0,1
18,2,3,8.382100381799523,2,1.0,3,0,1
9,1,5,11.19168381318221,1,1.0,0,0,1
10,0,4,13.077535115920544,1,1.0,3,0,1
8,1,1,19.916889407647666,2,1.0,3,0,1
12,0,3,12.773483746726617,2,1.0,0,0,1
14,4,5,7.136296131840904,2,1.0,1,0,1
7,1,6,16.964612717594523,2,1.0,1,0,1
8,0,3,12.836812267558516,2,1.0,0,0,1
9,2,6,7.387036665862358,2,1.0,0,0,1
10,0,5,9.877032102599031,2,1.0,2,0,1
13,1,7,11.221960358435297,2,1.0,4,0,1
7,1,1,6.049004859522441,2,1.0,4,0,1
15,0,1,17.784568453482,1,1.0,4,0,1
12,1,28,12.781127607811523,4,0.0,0,1,-1
14,2,5,7.4205130310014,2,1.0,0,0,1
9,0,7,8.281691933166172,1,1.0,6,0,1
11,1,1,0.5094420643512727,2,1.0,5,0,1
14,2,4,13.147755701307705,2,1.0,0,0,1
11,0,1,9.397475460147058,2,1.0,2,0,1
1,6,2,24.11093528085812,2,1.0,0,1,-1
10,2,7,13.091732166989487,2,1.0,3,0,1
11,4,4,23.535104584768057,1,1.0,1,0,1
9,3,4,9.343180665681555,1,1.0,1,0,1
13,1,2,7.456262095451374,2,1.0,0,0,1
4,6,1,19.064831855626394,2,1.0,1,1,-1
14,2,3,8.021551185023618,2,1.0,5,0,1
10,1,4,17.533188921090463,2,1.0,4,0,1
17,2,4,11.85820535371313,2,1.0,4,0,1
16,3,13,28.553971495202664,3,0.0,1,1,-1
11,1,7,14.134134873830055,2,1.0,6,0,1
12,3,2,13.441145651726476,2,1.0,4,0,1
8,4,1,16.055441698947956,1,1.0,4,0,1
16,2,6,7.676989294410032,2,1.0,5,0,1
12,4,2,6.6762192232616115,2,1.0,6,0,1
7,1,7,12.288870033530426,1,1.0,2,0,1
15,3,3,6.965133640990426,1,1.0,4,0,1
16,0,6,16.16399501772691,1,1.0,2,0,1
8,0,16,13.411048930438445,2,0.0,2,1,-1
7,2,4,15.808451684629812,1,1.0,6,0,1
15,4,3,4.882146789094362,1,1.0,5,0,1
17,2,3,15.39910172914485,2,1.0,0,0,1
7,3,1,6.862011242937855,2,1.0,5,0,1
18,0,3,16.74353458746533,1,1.0,2,0,1
14,4,6,7.900672274831241,1,1.0,5,0,1
14,4,5,16.14606970413128,1,1.0,4,0,1
17,3,4,4.805426528319227,1,1.0,0,0,1
16,0,3,15.220949302687753,1,1.0,1,0,1
10,3,22,10.600588972752591,2,0.0,0,1,-1
18,1,7,13.34481757061657,1,1.0,4,0,1
10,4,3,11.082563785007464,1,1.0,6,0,1
8,3,7,9.120790641505298,2,1.0,4,0,1
11,4,6,17.886033990261247,1,1.0,1,0,1
8,4,29,34.14194657560425,5,1.0,1,1,-1
12,3,3,7.362439032372979,2,1.0,6,0,1
10,1,1,6.2184144383267785,2,1.0,3,0,1
7,4,2,14.76884231407716,2,1.0,4,0,1
17,3,3,3.195317816845707,1,1.0,2,0,1
18,0,7,10.137155788117754,1,1.0,6,0,1
18,3,4,2.193361719161828,1,1.0,0,0,1
12,0,5,11.086689800681496,1,1.0,6,0,1
7,3,7,13.601387054855481,1,1.0,6,0,1
15,4,5,17.28934263837369,1,1.0,4,0,1
7,1,3,10.100942807574564,1,1.0,3,0,1
11,3,1,17.79882480975886,2,1.0,5,0,1
13,4,3,6.403633423762541,1,1.0,6,0,1
16,1,7,10.531309567209624,2,1.0,0,0,1
9,3,4,12.877474839804963,1,1.0,0,0,1
10,1,2,12.459354667901005,1,1.0,2,0,1
17,4,2,7.92605195014776,2,1.0,4,0,1
18,4,3,10.483845379785661,2,1.0,5,0,1
13,3,5,6.095482742145973,2,1.0,3,0,1
17,0,7,15.96174204471841,1,1.0,5,0,1
15,1,2,14.864105027631325,1,1.0,3,0,1
18,2,4,17.153288979937322,2,1.0,0,0,1
16,0,2,6.260320908953111,2,1.0,2,0,1
15,0,2,18.135758370613964,1,1.0,1,0,1
8,4,7,12.415948583607571,1,1.0,0,0,1
14,2,3,6.956688428082724,2,1.0,6,0,1
10,0,5,14.098301224060327,1,1.0,5,0,1
8,1,3,9.261850607426068,2,1.0,1,0,1
16,4,5,8.586088207894655,2,1.0,3,0,1
15,0,1,9.982634700034975,2,1.0,6,0,1
15,0,3,14.871602470373563,1,1.0,3,0,1
12,4,5,10.659695392539438,1,1.0,3,0,1
14,4,1,12.184060728827,2,1.0,4,0,1
11,4,4,6.023416009047068,2,1.0,1,0,1
13,4,2,0.012505644351710643,2,1.0,1,0,1
13,2,7,9.341690498401661,2,1.0,1,0,1
16,4,2,2.7686337032496198,1,1.0,3,0,1
14,3,1,8.44906525279144,2,1.0,6,0,1
7,4,7,10.511013002278556,2,1.0,6,0,1
7,4,5,12.383671193582558,2,1.0,4,0,1
11,4,3,12.186555873310807,1,1.0,3,0,1
7,3,4,17.151201064351376,2,1.0,5,0,1
11,4,3,8.2940329986846,2,1.0,2,0,1
11,3,1,14.867364934726032,1,1.0,4,0,1
13,3,7,11.834795439633606,2,1.0,2,0,1
9,1,2,16.002769440433724,1,1.0,3,0,1
18,0,2,5.820811293238875,2,1.0,1,0,1
15,0,7,10.504975189587704,1,1.0,3,0,1
15,3,3,13.633822388307543,2,1.0,1,0,1
18,1,3,16.763402064208357,2,1.0,4,0,1
14,4,5,15.132452007552791,1,1.0,4,0,1
11,4,6,8.484394726671903,2,1.0,3,0,1
14,0,3,10.777778350378181,2,1.0,4,0,1
9,4,7,15.287992408522456,2,1.0,5,0,1
9,1,2,7.160786824301932,1,1.0,3,0,1
8,3,3,11.04921028130636,1,1.0,2,0,1
13,2,3,18.570759056738925,1,1.0,5,0,1
13,1,180,2.891807554255184,5,1.0,2,1,-1
15,1,7,14.5678421367669,2,1.0,3,0,1
9,2,7,13.705192552537737,2,1.0,0,0,1
8,0,6,6.508805615768319,2,1.0,2,0,1
11,3,7,10.060999455668636,2,1.0,5,0,1
9,2,6,13.556963963204652,1,1.0,4,0,1
9,4,4,4.219873606070228,1,1.0,5,0,1
18,3,1,16.594993786284242,2,1.0,0,0,1
9,0,5,9.178113929907395,2,1.0,5,0,1
18,3,2,11.194692484930991,2,1.0,0,0,1
16,3,3,16.090636431240917,2,1.0,6,0,1
9,0,1,16.34967826224013,1,1.0,2,0,1
7,4,2,11.162878991582033,1,1.0,2,0,1
13,2,4,15.816708124685194,1,1.0,2,0,1
13,0,4,6.564638117152436,1,1.0,5,0,1
12,0,2,13.103424725649207,1,1.0,0,0,1
17,3,7,6.564282498813505,1,1.0,6,0,1
10,0,2,4.528268462492999,2,1.0,1,0,1
18,4,4,12.852993972314284,1,1.0,6,0,1
18,4,4,3.4587691980903372,1,1.0,3,0,1
10,4,2,8.790131688490828,1,1.0,2,0,1
12,2,4,15.042923226750892,2,1.0,2,0,1
7,4,6,6.8465529928976565,2,1.0,1,0,1
15,4,7,20.022537900827007,1,1.0,0,0,1
13,0,1,8.000034526524818,2,1.0,5,0,1
17,2,5,7.913581249834615,2,1.0,3,0,1
18,2,1,12.271757392735083,2,1.0,0,0,1
14,2,7,13.236564905698083,1,1.0,4,0,1
17,1,3,14.389196016444746,2,1.0,1,0,1
18,4,3,7.7853883387910345,1,1.0,0,0,1
7,4,5,10.897434576711646,2,1.0,1,0,1
18,2,3,7.279021778117013,1,1.0,6,0,1
12,2,1,15.917915342736464,2,1.0,1,0,1
18,0,6,18.55577934056299,2,1.0,2,0,1
17,2,2,19.33819168930379,2,1.0,0,0,1
10,3,7,11.74645390067258,2,1.0,6,0,1
8,1,4,14.239316637996405,2,1.0,0,0,1
16,4,6,10.364737206229519,2,1.0,1,0,1
13,1,5,0.9018582798255981,1,1.0,1,0,1
10,2,5,8.199096343856331,2,1.0,5,0,1
7,2,7,17.7140481938878,1,1.0,0,0,1
17,0,1,9.827596437251763,2,1.0,6,0,1
9,3,4,24.14641321475625,1,1.0,1,0,1
16,3,6,11.34846704325444,1,1.0,0,0,1
9,0,6,14.480442481462823,2,1.0,1,0,1
7,1,6,6.50954353281992,1,1.0,4,0,1
11,4,2,9.90419029083014,2,1.0,0,0,1
9,3,4,15.322717712766082,1,1.0,0,0,1
14,4,1,15.397561270397052,2,1.0,4,0,1
17,0,1,12.56474016221017,2,1.0,2,0,1
14,4,7,13.758728634375153,2,1.0,6,0,1
13,4,7,14.155604820487046,2,1.0,0,0,1
8,2,6,5.22235250211866,1,1.0,5,0,1
17,0,6,15.5800867168213,1,1.0,4,0,1
14,4,4,12.67623270175616,2,1.0,5,0,1
15,4,5,3.5345759208452687,2,1.0,2,0,1
11,0,2,9.780708247753317,1,1.0,4,0,1
11,1,4,9.612712382764409,1,1.0,3,0,1
17,4,3,21.933356322866544,1,1.0,2,0,1
15,2,6,11.41392713131434,2,1.0,6,0,1
10,3,4,10.828149384025652,2,1.0,0,0,1
13,0,6,18.893611133500336,1,1.0,1,0,1
14,2,1,17.535321180325674,1,1.0,2,0,1
11,3,4,14.495448975266612,1,1.0,2,0,1
16,4,5,14.253881268253842,2,1.0,6,0,1
13,3,7,8.990166928139372,2,1.0,4,0,1
14,1,2,4.874184019688677,2,1.0,2,0,1
18,3,4,13.12001566665765,1,1.0,1,0,1
12,4,7,18.461666070840828,2,1.0,6,0,1
12,0,4,17.12693282271981,1,1.0,0,0,1
11,1,6,10.336725909608639,2,1.0,4,0,1
10,2,1,16.549978910606164,2,1.0,6,0,1
10,4,6,18.520442300234976,2,1.0,4,0,1
14,1,1,8.740689329830204,1,1.0,4,0,1
14,3,1,2.063299115698779,1,1.0,3,0,1
13,2,3,13.845161657251278,1,1.0,2,0,1
13,0,6,11.872987746275376,1,1.0,4,0,1
17,4,2,11.188644424654315,1,1.0,5,0,1
10,3,2,4.615263451773256,2,1.0,6,0,1
16,2,1,7.42130664809739,2,1.0,0,0,1
15,2,7,5.308966722478104,1,1.0,0,0,1
8,3,4,4.39912147220778,1,1.0,5,0,1
17,4,3,12.043250886544593,2,1.0,4,0,1
7,0,7,19.223562471821413,2,1.0,2,0,1
15,4,7,11.7047395887008,1,1.0,4,0,1
18,1,5,11.101967511069121,2,1.0,1,0,1
14,3,5,14.64258942197463,1,1.0,6,0,1
15,1,1,18.081560196747017,2,1.0,0,0,1
7,4,7,2.706363144531645,2,1.0,4,0,1
10,3,3,15.162212331839239,2,1.0,6,0,1
9,4,5,5.451833181545979,1,1.0,0,0,1
7,3,6,17.20877114509881,2,1.0,0,0,1
7,2,6,13.439329491614064,1,1.0,4,0,1
9,1,2,15.484927611715285,2,1.0,1,0,1
11,3,3,8.778590912757252,2,1.0,3,0,1
9,2,3,17.906796116267863,1,1.0,2,0,1
9,0,5,12.192959313661403,2,1.0,5,0,1
18,1,2,14.919774974390668,2,1.0,0,0,1
8,2,1,15.351743514509998,1,1.0,3,0,1
10,1,4,13.688434990390695,1,1.0,4,0,1
17,4,6,17.60557439974559,1,1.0,6,0,1
14,3,6,13.672300320485025,1,1.0,0,0,1
12,2,4,8.839696210564705,2,1.0,2,0,1
12,0,5,8.16903764368277,2,1.0,0,0,1
12,4,1,12.241401401997035,2,1.0,3,0,1
18,1,5,6.529423536659962,2,1.0,3,0,1
7,0,3,12.784221218457391,2,1.0,6,0,1
16,4,1,15.87062450339106,1,1.0,2,0,1
15,2,4,18.563865589950296,2,1.0,1,0,1
18,4,4,15.931462816973049,1,1.0,5,0,1
7,1,4,20.113187690177085,1,1.0,6,0,1
10,2,2,11.943274051123598,1,1.0,5,0,1
14,3,7,7.441617695990582,1,1.0,0,0,1
15,3,7,4.111489541835705,1,1.0,0,0,1
12,3,1,8.496736728277227,1,1.0,1,0,1
12,3,2,1.9402098625009252,1,1.0,6,0,1
12,0,6,10.305625272755073,1,1.0,3,0,1
8,3,7,12.667410140375896,2,1.0,6,0,1
15,4,6,8.043077569589741,1,1.0,5,0,1
10,2,2,21.007698069626166,1,1.0,4,0,1
18,0,6,7.354306045120907,1,1.0,5,0,1
12,0,3,7.656041264202472,1,1.0,2,0,1
8,3,2,12.645684765725862,1,1.0,6,0,1
17,4,1,20.20364470502767,1,1.0,2,0,1
14,3,5,17.322413768042843,1,1.0,3,0,1
12,3,7,9.458698245524346,2,1.0,5,0,1
10,0,3,13.249645131315948,2,1.0,1,0,1
10,1,3,16.608517425501766,1,1.0,3,0,1
14,4,3,8.801365351093178,1,1.0,5,0,1
16,4,1,6.707399749787199,2,1.0,0,0,1
15,1,6,10.749457705021706,2,1.0,2,0,1
18,4,1,12.323472195481854,1,1.0,0,0,1
12,4,2,9.85196278020938,1,1.0,5,0,1
9,1,5,11.122145527617098,1,1.0,2,0,1
12,3,27,9.318648806603212,2,0.0,2,1,-1
15,0,7,17.735559635541183,1,1.0,1,0,1
17,1,6,13.711755895148034,2,1.0,2,0,1
13,4,2,17.541334114144657,2,1.0,2,0,1
8,2,1,15.070381115245459,2,1.0,6,0,1
18,1,2,16.736811997299824,1,1.0,5,0,1
15,4,5,23.321290639688897,2,1.0,2,0,1
8,2,6,6.163757202527584,2,1.0,4,0,1
14,3,6,11.93269272707174,2,1.0,0,0,1
13,1,4,12.045221040994821,1,1.0,0,0,1
11,3,4,7.620541414253597,2,1.0,2,0,1
16,2,7,8.699840216370863,1,1.0,4,0,1
14,2,4,13.303139288000132,1,1.0,0,0,1
12,3,4,11.097541705051308,2,1.0,4,0,1
16,1,1,18.660945553803927,1,1.0,6,0,1
7,0,7,14.021677388153043,1,1.0,6,0,1
17,2,6,11.95715855994617,2,1.0,6,0,1
17,4,5,2.8522247678376864,1,1.0,0,0,1
17,2,4,16.014020291066103,1,1.0,0,0,1
7,0,3,7.82843462979714,1,1.0,4,0,1
9,1,3,14.44396657763324,2,1.0,4,0,1
15,0,4,13.757123874709928,1,1.0,1,0,1
15,0,3,10.779300418453348,2,1.0,2,0,1
12,3,6,5.615721117794594,1,1.0,1,0,1
13,0,5,9.775528267255767,1,1.0,2,0,1
7,0,5,2.907232326566481,2,1.0,2,0,1
11,2,2,6.5666900448554015,1,1.0,2,0,1
17,2,2,11.042850153837248,1,1.0,2,0,1
7,3,3,10.380400917265352,2,1.0,3,0,1
15,1,2,3.020317243316569,2,1.0,4,0,1
15,2,7,15.44491976362527,1,1.0,2,0,1
18,0,6,16.461248578768128,1,1.0,4,0,1
16,4,6,14.520505372404228,1,1.0,1,0,1
18,3,7,16.210191986623528,2,1.0,1,0,1
15,1,2,17.655756391430888,2,1.0,1,0,1
12,2,7,11.299010101452096,2,1.0,2,0,1
14,2,4,11.760742433354404,1,1.0,1,0,1
8,4,5,15.66822573340648,1,1.0,0,0,1
13,1,4,1.4657480432109509,2,1.0,2,0,1
12,4,3,12.022497743842623,1,1.0,3,0,1
11,3,4,7.948081527875076,1,1.0,3,0,1
18,2,6,16.913284536361708,1,1.0,0,0,1
7,0,6,16.039782745797208,1,1.0,5,0,1
7,3,3,15.369824294761514,1,1.0,0,0,1
10,0,1,15.670903967675677,1,1.0,1,0,1
10,2,4,7.901339390948578,1,1.0,6,0,1
17,3,6,8.832516553977385,2,1.0,1,0,1
15,4,4,3.326680392335046,2,1.0,3,0,1
10,3,2,20.65425772934987,1,1.0,3,0,1
17,2,5,3.6868683887432248,1,1.0,6,0,1
11,2,3,8.478374048957344,1,1.0,1,0,1
18,0,4,9.662214450896581,1,1.0,6,0,1
12,3,6,14.621630179989527,1,1.0,1,0,1
13,1,3,4.4386220362946265,2,1.0,4,0,1
14,0,7,14.81184145808339,2,1.0,1,0,1
13,1,49,25.49650029733197,5,1.0,0,1,-1
15,1,3,22.30411400567673,1,1.0,1,0,1
10,2,4,12.596483525110086,2,1.0,3,0,1
7,2,1,15.941715104297101,2,1.0,3,0,1
10,1,2,11.232442681034016,1,1.0,2,0,1
16,0,2,17.483503160541524,2,1.0,4,0,1
10,1,3,12.78978801390477,1,1.0,0,0,1
7,1,4,8.707784169938522,2,1.0,0,0,1
9,0,1,14.313713583521508,2,1.0,5,0,1
7,2,3,2.0992477047250624,1,1.0,3,0,1
11,0,7,16.39097731876584,1,1.0,1,0,1
14,1,3,17.12958992859639,1,1.0,1,0,1
12,4,1,6.26054544069863,2,1.0,4,0,1
18,1,4,7.173197278098931,2,1.0,6,0,1
14,1,6,14.213120946166727,1,1.0,3,0,1
7,1,5,12.830545719689423,1,1.0,6,0,1
14,1,6,15.64117914544224,1,1.0,0,0,1
14,2,1,11.791957711344697,2,1.0,4,0,1
10,1,2,13.2555329950076,1,1.0,6,0,1
16,3,5,6.956289773017158,2,1.0,1,0,1
13,4,3,9.255403200973493,2,1.0,2,0,1
11,1,6,5.282865164391522,2,1.0,2,0,1
7,1,7,14.801185197442283,1,1.0,1,0,1
15,1,2,15.036282548298278,1,1.0,6,0,1
7,0,6,17.49076513868369,2,1.0,2,0,1
18,4,6,7.1059539460046945,2,1.0,5,0,1
10,3,2,15.268134439934826,1,1.0,1,0,1
7,3,5,12.109406602856591,1,1.0,0,0,1
16,2,4,15.667264415705423,1,1.0,2,0,1
10,4,2,14.621020854507734,2,1.0,6,0,1
15,3,1,2.977434103564798,1,1.0,1,0,1
11,1,5,11.168655531398109,1,1.0,4,0,1
14,0,5,18.026633661524055,2,1.0,0,0,1
7,4,7,7.066988183922557,2,1.0,2,0,1
10,1,6,10.911909099142594,1,1.0,4,0,1
11,3,2,13.02034351137491,2,1.0,2,0,1
15,3,53,1.7497638343429256,5,1.0,2,1,-1
15,3,7,13.445062277661695,2,1.0,0,0,1
18,4,5,5.536737379203751,1,1.0,2,0,1
10,0,7,20.411311721285287,1,1.0,1,0,1
18,3,6,14.666727795697904,2,1.0,6,0,1
15,4,6,3.0977142399674342,1,1.0,1,0,1
14,1,5,9.213225081723058,2,1.0,1,0,1
16,2,3,6.685451587734406,2,1.0,4,0,1
17,0,7,10.885921501401588,2,1.0,3,0,1
8,4,4,19.37580673703344,1,1.0,4,0,1
18,2,6,2.942739581187306,2,1.0,0,0,1
18,1,4,11.20192087375894,2,1.0,0,0,1
8,4,7,20.727753550725065,1,1.0,5,0,1
16,4,6,15.509378906539597,2,1.0,6,0,1
18,1,7,14.055910797921445,1,1.0,2,0,1
12,3,6,19.97320320608157,2,1.0,4,0,1
18,4,5,17.74629675015317,2,1.0,6,0,1
13,3,4,19.327881921823554,1,1.0,4,0,1
9,4,1,16.532828803418507,1,1.0,5,0,1
7,3,7,8.327133067137133,1,1.0,4,0,1
16,0,7,18.098553749450964,1,1.0,2,0,1
11,1,6,9.392889779576821,1,1.0,2,0,1
12,3,4,8.94338610390446,1,1.0,3,0,1
16,1,2,20.856944871945082,2,1.0,4,0,1
15,3,2,7.4978538726775525,1,1.0,6,0,1
8,4,5,14.804463613409029,1,1.0,1,0,1
12,1,6,9.484215478628663,2,1.0,0,0,1
12,0,10,16.153289626041786,3,0.0,1,1,-1
11,4,6,5.987918990326454,1,1.0,1,0,1
8,1,4,13.99133886089663,1,1.0,1,0,1
11,0,2,10.939002675649707,2,1.0,6,0,1
10,1,4,9.24271345822461,1,1.0,4,0,1
15,0,7,14.828584897764346,2,1.0,5,0,1
18,1,4,12.54260638036178,1,1.0,0,0,1
8,2,7,3.8760932030136885,2,1.0,2,0,1
9,1,6,11.689453350399077,1,1.0,4,0,1
10,2,2,15.557579951343696,2,1.0,5,0,1
8,0,5,2.186462099957817,2,1.0,0,0,1
18,2,3,7.015913487515178,2,1.0,6,0,1
16,1,1,9.651016526869252,1,1.0,6,0,1
8,1,7,7.059183261647954,2,1.0,4,0,1
7,4,6,8.142265976349426,1,1.0,2,0,1
17,4,18,37.39357419554003,5,0.0,1,1,-1
11,2,2,9.427569483212888,1,1.0,2,0,1
12,4,2,16.347755533238953,1,1.0,3,0,1
13,4,7,4.448476227648749,2,1.0,3,0,1
13,3,3,12.051007357124352,2,1.0,5,0,1
13,3,6,12.368082548143486,2,1.0,3,0,1
13,3,1,17.656150458295066,2,1.0,2,0,1
7,0,5,7.648041831231713,1,1.0,1,0,1
18,2,6,15.905930974011962,1,1.0,6,0,1
18,0,5,2.70032569086697,2,1.0,2,0,1
8,4,4,11.178046174635472,2,1.0,2,0,1
16,2,5,15.807108836984963,2,1.0,4,0,1
16,4,4,18.176743253764553,2,1.0,4,0,1
12,4,5,7.135030016573948,1,1.0,0,0,1
16,0,2,10.900781481104087,2,1.0,3,0,1
18,3,5,13.89607828416735,2,1.0,2,0,1
15,0,6,15.651810951669733,2,1.0,3,0,1
8,1,3,13.098286285790275,1,1.0,0,0,1
10,1,7,11.202173590039743,1,1.0,6,0,1
17,3,6,6.092103327135369,2,1.0,6,0,1
9,4,16,18.18335076847916,4,0.0,2,1,-1
7,0,3,6.436847193809307,1,1.0,1,0,1
18,2,6,7.068366180374712,1,1.0,1,0,1
11,1,2,19.82686337292325,2,1.0,4,0,1
11,3,2,3.8200558228011285,2,1.0,4,0,1
12,3,2,16.860454093782305,1,1.0,2,0,1
7,2,2,15.069792041354068,2,1.0,5,0,1
7,1,2,12.776499207412197,1,1.0,3,0,1
11,0,1,17.342604416934723,2,1.0,4,0,1
16,1,7,15.956045195064405,2,1.0,3,0,1
18,4,4,3.37747606962607,2,1.0,0,0,1
3,6,2,20.167217339865754,1,1.0,1,1,-1
14,2,5,10.073149996745478,1,1.0,1,0,1
12,2,1,11.334890596799555,1,1.0,3,0,1
13,2,4,12.687597863618425,2,1.0,5,0,1
18,4,1,14.459366062209927,1,1.0,6,0,1
11,4,2,13.215758573116211,1,1.0,3,0,1
13,3,2,14.777878040705177,1,1.0,0,0,1
14,4,5,13.85403592770843,2,1.0,1,0,1
15,1,1,13.763447699113058,1,1.0,2,0,1
17,1,7,8.228969593024765,1,1.0,4,0,1
7,2,7,13.467404764369835,2,1.0,1,0,1
16,4,7,7.08103041154589,2,1.0,5,0,1
9,1,4,7.081369476694899,2,1.0,4,0,1
11,1,7,5.132218040339357,1,1.0,3,0,1
15,0,3,8.860533311083554,1,1.0,0,0,1
16,0,1,9.761012242886652,1,1.0,0,0,1
17,1,6,16.402538319392697,1,1.0,4,0,1
15,3,1,8.016708428229528,2,1.0,3,0,1
11,3,6,3.144014174225683,2,1.0,5,0,1
14,0,1,7.382637915790831,2,1.0,2,0,1
12,2,6,12.032320935987986,2,1.0,3,0,1
11,2,7,16.256686219619198,1,1.0,5,0,1
2,0,5,16.81578544905068,1,1.0,0,1,-1
8,2,6,13.197447340563897,1,1.0,3,0,1
8,4,2,16.23368788765669,1,1.0,4,0,1
14,3,4,12.131639169713244,2,1.0,3,0,1
7,2,6,15.410481137999465,1,1.0,4,0,1
9,0,3,4.986286383818664,2,1.0,2,0,1
9,0,4,15.924952894230781,2,1.0,0,0,1
16,3,7,11.943047957606343,1,1.0,2,0,1
11,0,3,12.848158530928103,1,1.0,2,0,1
14,4,1,7.840593782880629,2,1.0,6,0,1
16,2,7,17.409130755201318,1,1.0,6,0,1
10,0,1,11.393373603458176,1,1.0,4,0,1
7,3,2,20.19395965666963,2,1.0,1,0,1
12,1,4,13.489029409851584,1,1.0,4,0,1
7,4,5,9.48447887789294,1,1.0,6,0,1
17,1,6,3.297911043815038,2,1.0,2,0,1
13,3,7,7.423967938482885,2,1.0,2,0,1
13,4,4,9.791973882894895,2,1.0,0,0,1
18,0,4,21.193842118831867,2,1.0,0,0,1
8,3,5,23.99249303346615,2,1.0,5,0,1
8,2,1,10.086124089108393,1,1.0,3,0,1
13,4,7,3.0413529008306934,2,1.0,3,0,1
15,3,5,12.026265566547544,1,1.0,0,0,1
15,3,4,14.645081499460543,2,1.0,5,0,1
8,4,4,10.05067188103266,2,1.0,3,0,1
18,1,4,17.976103357608572,1,1.0,3,0,1
18,2,1,7.6024976386602425,1,1.0,3,0,1
7,3,3,10.318388157101689,1,1.0,5,0,1
15,3,5,9.061222237501726,2,1.0,5,0,1
12,0,2,9.045563187845893,1,1.0,3,0,1
7,3,7,3.6642183141132207,2,1.0,6,0,1
16,0,3,12.92272651169673,1,1.0,6,0,1
16,4,7,4.171877718052739,2,1.0,6,0,1
13,4,2,4.697500891271211,1,1.0,3,0,1
12,1,6,13.697177774054495,2,1.0,3,0,1
14,0,4,11.692233310324026,2,1.0,4,0,1
12,2,4,9.636502338145656,1,1.0,5,0,1
13,3,1,12.551844283584575,2,1.0,4,0,1
11,4,6,18.57147505258876,2,1.0,4,0,1
14,0,2,5.08922015362265,2,1.0,1,0,1
14,4,6,9.674652754682121,2,1.0,2,0,1
14,3,6,11.937093085912013,2,1.0,1,0,1
18,3,4,6.400042848641918,2,1.0,4,0,1
13,3,2,18.21456691200065,2,1.0,2,0,1
18,1,6,8.765274143751927,2,1.0,3,0,1
11,4,6,13.117118211233947,2,1.0,1,0,1
8,3,3,18.586414038887924,1,1.0,2,0,1
9,1,27,17.18911883121786,3,0.0,1,1,-1
9,3,1,13.239056397572632,2,1.0,5,0,1
7,4,1,18.195064960079826,2,1.0,6,0,1
10,1,7,10.87884896697626,1,1.0,3,0,1
15,3,6,16.587642139017458,4,0.0,0,1,-1
9,0,6,11.336784278704375,1,1.0,2,0,1
17,2,7,9.839991978745303,2,1.0,6,0,1
23,0,2,18.286866401562644,1,1.0,1,1,1
11,3,5,11.080765596390604,2,1.0,3,0,1
17,1,7,13.3160146149838,2,1.0,1,0,1
15,0,5,9.291062993082686,1,1.0,1,0,1
16,3,179,3.6157881511483385,5,1.0,2,1,-1
11,0,1,14.510096354984324,2,1.0,0,0,1
11,4,4,0.13601628839132474,2,1.0,5,0,1
7,3,1,12.859424171256647,2,1.0,3,0,1
9,0,1,11.712089917256394,1,1.0,4,0,1
14,4,7,11.821051570308516,1,1.0,1,0,1
8,4,7,2.933833569984774,1,1.0,1,0,1
18,2,7,7.3266064475837265,1,1.0,3,0,1
7,2,7,9.763702045585813,1,1.0,5,0,1
14,1,4,8.677506592638824,1,1.0,1,0,1
16,3,7,11.634202020092673,2,1.0,3,0,1
17,2,3,15.495497948327536,2,1.0,0,0,1
7,4,2,19.071475530022106,1,1.0,1,0,1
7,3,5,16.32779224378621,1,1.0,4,0,1
8,1,5,5.177819638789035,2,1.0,1,0,1
18,3,3,16.013904179574105,2,1.0,3,0,1
13,2,1,8.694121825858673,2,1.0,2,0,1
10,3,4,13.998245527094838,2,1.0,6,0,1
13,0,1,0.7852231247010302,1,1.0,3,0,1
16,0,2,5.733044143879226,2,1.0,3,0,1
11,2,1,9.670190316866178,2,1.0,4,0,1
10,4,5,16.620977329951007,1,1.0,1,0,1
9,2,2,10.129701752043577,2,1.0,4,0,1
16,2,3,2.3727089083155324,2,1.0,1,0,1
10,3,6,19.970410659759224,2,1.0,2,0,1
10,4,2,12.538520738958654,1,1.0,0,0,1
13,0,1,15.106174762869976,2,1.0,3,0,1
18,3,3,11.262402176909719,2,1.0,2,0,1
13,3,4,12.92282176272689,2,1.0,1,0,1
12,1,3,15.697317346175934,1,1.0,1,0,1
15,1,7,12.658347173176937,1,1.0,4,0,1
17,0,4,6.517993177474445,1,1.0,3,0,1
7,2,5,17.511877103353005,1,1.0,4,0,1
8,4,6,8.705743751013514,1,1.0,4,0,1
14,4,5,11.742902227965791,1,1.0,0,0,1
16,3,2,15.837380362600165,1,1.0,4,0,1
12,3,5,11.861422168773005,2,1.0,6,0,1
11,3,6,13.139648350049765,2,1.0,6,0,1
10,0,6,16.592754118968323,1,1.0,6,0,1
9,1,6,2.751479271640198,1,1.0,4,0,1
12,4,3,9.305825769879977,1,1.0,6,0,1
9,2,1,7.358141650888902,2,1.0,4,0,1
12,4,3,8.205475802398,1,1.0,0,0,1
15,0,5,6.942889643144518,1,1.0,3,0,1
7,0,1,14.355528999312435,1,1.0,4,0,1
8,0,6,4.177084869432288,2,1.0,5,0,1
11,0,6,16.613925480854334,1,1.0,4,0,1
10,1,27,5.542880540750467,3,0.0,1,1,-1
14,2,2,16.146419567129435,2,1.0,6,0,1
15,0,7,8.644281966184392,1,1.0,2,0,1
16,3,1,10.712699075442874,1,1.0,1,0,1
14,2,6,12.154627088912497,1,1.0,5,0,1
12,3,7,11.979984290824081,2,1.0,1,0,1
15,2,4,2.899260890020855,1,1.0,1,0,1
17,1,1,7.22256751364403,2,1.0,5,0,1
13,2,7,10.69615076871966,1,1.0,0,0,1
15,2,6,10.1523457687182,2,1.0,5,0,1
8,2,2,23.076477654816905,2,1.0,1,0,1
11,3,7,11.590241074684522,1,1.0,2,0,1
14,2,3,9.755129594354692,1,1.0,4,0,1
13,2,7,8.389660035021862,2,1.0,5,0,1
9,2,2,10.14942902553043,2,1.0,4,0,1
7,0,1,13.471241563835282,1,1.0,6,0,1
10,0,46,34.510303000055316,5,0.0,1,1,-1
13,0,6,7.237823846047998,2,1.0,2,0,1
15,0,6,12.267613989495226,1,1.0,0,0,1
12,0,4,6.72191264025147,1,1.0,2,0,1
18,1,4,23.75801026687226,2,1.0,1,0,1
17,2,2,25.88142058076529,1,1.0,4,0,1
9,0,7,2.8073343875513093,1,1.0,4,0,1
11,4,4,9.192380713926342,1,1.0,1,0,1
12,4,5,11.509257585179961,2,1.0,1,0,1
11,3,6,10.174508886296682,1,1.0,1,0,1
14,3,6,5.558971965087403,2,1.0,0,0,1
15,1,5,11.986399024454437,1,1.0,5,0,1
13,0,4,14.744252129044142,2,1.0,3,0,1
11,4,3,3.1720859878124266,2,1.0,0,0,1
16,4,4,12.644670956239075,1,1.0,6,0,1
16,0,5,16.88657650525734,1,1.0,6,0,1
14,4,6,5.719353526947752,1,1.0,2,0,1
15,1,7,4.621045510751513,1,1.0,6,0,1
7,3,1,21.609664818090124,1,1.0,5,0,1
16,1,1,12.957464258365869,1,1.0,6,0,1
12,3,6,12.767743191603707,1,1.0,3,0,1
11,2,3,7.09177464912389,1,1.0,4,0,1
14,4,6,6.772798668125966,1,1.0,6,0,1
16,3,3,13.21173639182362,2,1.0,5,0,1
12,1,3,14.568395875124345,1,1.0,5,0,1
15,3,1,8.160853673964013,2,1.0,1,0,1
11,3,1,15.535229470670354,1,1.0,2,0,1
16,2,1,8.230432353166778,2,1.0,0,0,1
8,1,6,9.311627094032788,2,1.0,1,0,1
14,2,98,2.7358773616126877,4,1.0,2,1,-1
16,0,5,5.073714552463489,1,1.0,6,0,1
15,4,1,1.9062314670835487,2,1.0,3,0,1
15,0,1,10.687298383589692,2,1.0,0,0,1
16,3,1,9.10013200429588,1,1.0,2,0,1
14,1,3,1.2220453012844583,2,1.0,3,0,1
12,4,6,10.067723846220371,1,1.0,3,0,1
16,4,7,11.584156445989823,2,1.0,2,0,1
13,1,7,18.279864602155776,1,1.0,2,0,1
11,2,6,8.425215749519708,2,1.0,2,0,1
8,4,1,14.28119398683657,1,1.0,3,0,1
11,2,6,17.926848904118938,2,1.0,2,0,1
17,1,5,3.8944026147191018,2,1.0,3,0,1
8,3,1,1.7009750629583884,2,1.0,4,0,1
12,0,1,5.250069767425031,1,1.0,6,0,1
9,0,4,9.751091980365278,2,1.0,5,0,1
11,0,1,3.649972628125541,2,1.0,2,0,1
13,1,2,18.152802144346033,2,1.0,6,0,1
13,2,5,11.902477357295677,2,1.0,5,0,1
9,1,2,11.60469008170862,2,1.0,1,0,1
15,0,3,6.754367543705207,2,1.0,5,0,1
10,2,3,23.316164195427678,1,1.0,3,0,1
7,0,4,11.128018408276011,2,1.0,1,0,1
14,4,6,14.618886057793393,1,1.0,0,0,1
8,2,7,11.14271587513433,1,1.0,0,0,1
8,3,5,8.77244036955302,2,1.0,1,0,1
12,3,6,18.258451833797963,1,1.0,6,0,1
12,3,6,13.5306035050598,1,1.0,4,0,1
17,3,1,15.475699479521802,2,1.0,6,0,1
10,3,2,11.586767659866796,1,1.0,4,0,1
12,4,1,21.416378837055312,2,1.0,2,0,1
16,4,1,16.717834409503723,2,1.0,2,0,1
12,2,6,9.64848428698019,2,1.0,4,0,1
13,4,6,12.198458786659254,2,1.0,3,0,1
15,0,2,8.03031662947583,2,1.0,3,0,1
8,1,6,11.714547770932656,2,1.0,1,0,1
17,0,2,14.570976263736506,2,1.0,6,0,1
18,1,3,15.252299803688485,1,1.0,6,0,1
7,1,4,2.869772946340495,2,1.0,0,0,1
8,3,5,15.47868749255309,1,1.0,1,0,1
7,4,2,2.1752102066653087,1,1.0,6,0,-1
17,0,3,10.479262321560984,2,1.0,0,0,1
16,4,3,9.83699446721617,2,1.0,0,0,1
8,4,6,10.152841552696504,1,1.0,5,0,1
8,0,5,9.824181686859003,2,1.0,4,0,1
14,0,6,12.680864415324134,2,1.0,6,0,1
16,0,4,11.667339232790551,2,1.0,1,0,1
8,0,4,15.260609357277682,2,1.0,1,0,1
8,3,4,10.642721322739632,1,1.0,0,0,1
16,4,6,17.542283282214118,2,1.0,3,0,1
16,1,4,20.46783234764146,1,1.0,4,0,1
16,0,5,4.792400865180859,1,1.0,1,0,1
12,3,7,16.742542716317654,1,1.0,0,0,1
7,4,3,13.358978425661684,2,1.0,4,0,1
14,2,5,13.992486751527812,1,1.0,2,0,1
16,3,6,14.42774647651068,1,1.0,2,0,1
14,0,7,20.981619632423424,2,1.0,2,0,1
18,4,1,17.575833870445067,2,1.0,2,0,1
8,4,5,16.49069860408318,1,1.0,4,0,1
16,2,12,17.900468675998738,4,0.0,1,1,-1
10,3,4,19.611487816722413,1,1.0,5,0,1
14,4,3,10.749707721040512,1,1.0,0,0,1
11,2,7,8.891492218805562,2,1.0,1,0,1
15,4,1,12.207009751070533,1,1.0,1,0,1
12,0,7,12.7666433106859,2,1.0,4,0,1
8,0,2,15.767307258291643,1,1.0,0,0,1
18,3,1,8.958273530236887,2,1.0,1,0,1
13,2,1,11.79530335690581,2,1.0,5,0,1
7,1,4,13.540428303795704,2,1.0,6,0,1
16,2,5,8.783378021176727,1,1.0,4,0,1
12,1,5,12.514772084944557,1,1.0,6,0,1
16,4,5,12.168006583219949,1,1.0,3,0,1
11,0,5,4.421448307993787,1,1.0,1,0,1
10,4,5,14.090493027186175,1,1.0,1,0,1
12,4,1,11.5994878251309,2,1.0,0,0,1
11,1,7,16.953990441761036,2,1.0,0,0,1
17,4,23,18.7810457326094,5,0.0,0,1,-1
12,1,5,12.095473599787827,1,1.0,1,0,1
7,4,1,12.893253642945174,2,1.0,6,0,1
12,3,7,10.947443317001296,2,1.0,4,0,1
12,3,1,9.700428364321633,1,1.0,5,0,1
0,0,7,23.94928912821958,1,1.0,0,1,-1
7,3,3,10.196562652612704,1,1.0,0,0,1
16,2,7,15.394219352630994,1,1.0,6,0,1
15,4,2,8.762135022128005,1,1.0,1,0,1
9,1,3,13.382480716869416,2,1.0,6,0,1
10,3,6,11.646417621099586,1,1.0,1,0,1
15,4,2,20.450119227089715,1,1.0,1,0,1
12,3,3,8.914324124488052,2,1.0,2,0,1
8,3,4,9.900030114366523,1,1.0,5,0,1
7,0,7,19.850657077898557,2,1.0,5,0,1
18,4,4,21.94384011957273,1,1.0,3,0,1
9,1,6,18.984807902289198,1,1.0,6,0,1
15,2,1,12.444571629065393,2,1.0,3,0,1
7,4,7,20.461990011940557,1,1.0,1,0,1
23,5,8,10.814556814260687,2,1.0,1,1,1
9,0,3,11.791953445033379,1,1.0,0,0,1
8,4,5,18.992651373535814,2,1.0,0,0,1
10,3,1,15.513461924093825,1,1.0,2,0,1
14,2,3,16.475195903193782,1,1.0,4,0,1
14,3,1,0.03157924132935719,1,1.0,0,0,1
7,3,7,10.980795346306756,2,1.0,1,0,1
11,0,3,23.091717415056934,2,1.0,2,0,1
8,2,2,13.598669572369403,1,1.0,5,0,1
18,0,2,11.053037787446485,2,1.0,1,0,1
9,4,1,8.398854562405242,2,1.0,6,0,1
15,4,7,15.088750890436422,2,1.0,1,0,1
9,2,5,20.032736931441676,2,1.0,4,0,1
13,4,135,1.8828089485954567,5,1.0,1,1,-1
7,4,6,16.548257697794128,2,1.0,0,0,1
15,0,2,11.35850502763401,1,1.0,4,0,1
11,1,3,12.86652349642897,2,1.0,2,0,1
8,4,3,9.84323036540357,2,1.0,4,0,1
12,2,4,8.76842352115328,2,1.0,3,0,1
12,1,3,10.201951478911086,1,1.0,0,0,1
11,0,2,8.383274156282674,2,1.0,1,0,1
13,1,5,9.491355475355608,2,1.0,4,0,1
13,0,5,7.106685833719162,1,1.0,2,0,1
13,1,3,14.536705109464373,1,1.0,1,0,1
16,3,6,13.914005991506752,2,1.0,6,0,1
11,3,6,6.003114422950331,2,1.0,0,0,1
12,1,6,11.480966594328313,2,1.0,1,0,1
12,1,2,11.829425487428278,1,1.0,4,0,1
7,1,7,18.193478845321998,2,1.0,5,0,1
10,2,7,21.813981216853072,1,1.0,3,0,1
16,1,6,16.415230638505147,2,1.0,2,0,1
13,2,48,2.0179303525841177,5,1.0,1,1,-1
14,1,2,13.905838537453006,2,1.0,3,0,1
7,1,4,6.116482427337664,2,1.0,2,0,1
18,3,4,14.391011309508789,2,1.0,0,0,1
9,4,4,17.959342531543328,2,1.0,2,0,1
12,4,4,15.415954551826564,1,1.0,2,0,1
11,4,4,7.146196682987247,1,1.0,6,0,1
15,1,4,16.698371240139508,1,1.0,2,0,1
11,1,6,13.096548177900871,1,1.0,3,0,1
10,3,1,12.877924017929447,2,1.0,3,0,1
9,3,190,-0.6518280630449489,4,1.0,2,1,-1
14,2,3,14.415316796306618,2,1.0,6,0,1
7,0,6,11.997387381659859,1,1.0,4,0,1
17,4,5,14.56774512509637,1,1.0,5,0,1
17,2,1,13.064326282635644,2,1.0,0,0,1
10,0,7,15.599622533865535,1,1.0,3,0,1
14,0,2,13.901955269489504,2,1.0,1,0,1
10,4,1,15.075872190943361,2,1.0,4,0,1
7,1,6,11.387825935982933,2,1.0,3,0,1
12,1,2,11.888085973040639,1,1.0,2,0,1
7,4,5,20.43151787101432,1,1.0,1,0,1
8,1,6,10.614322653798897,2,1.0,2,0,1
11,1,5,10.287114639592238,2,1.0,5,0,1
11,1,7,7.018639518649005,1,1.0,4,0,1
17,3,1,19.908494840607464,1,1.0,5,0,1
15,0,7,8.663576322718594,1,1.0,0,0,1
13,3,5,11.019059270737669,2,1.0,4,0,1
16,3,7,14.624028981953412,1,1.0,1,0,1
12,2,6,4.759682856784376,1,1.0,3,0,1
9,3,2,13.218815107565263,1,1.0,0,0,1
17,3,7,10.371371116314558,1,1.0,5,0,1
16,1,6,11.836548414993985,1,1.0,5,0,1
9,1,5,11.994266054622681,2,1.0,4,0,1
16,1,4,16.76091871718385,2,1.0,1,0,1
18,1,1,12.735517632342091,2,1.0,4,0,1
11,3,5,2.274656335681442,2,1.0,6,0,1
7,2,7,16.565460152648896,2,1.0,2,0,1
17,4,5,12.124342420081485,1,1.0,5,0,1
15,2,6,17.811542598341,2,1.0,1,0,1
14,3,7,14.355718748810451,2,1.0,3,0,1
16,3,5,8.772877480027237,2,1.0,2,0,1
11,0,7,7.436677121696148,2,1.0,2,0,1
9,4,2,10.234229810272096,1,1.0,4,0,1
8,3,3,7.329261434460779,1,1.0,3,0,1
17,1,7,14.862259675061383,1,1.0,2,0,1
15,3,4,11.11353288405046,2,1.0,1,0,1
11,4,2,8.912718486416356,2,1.0,6,0,1
18,3,3,12.835696066053153,1,1.0,0,0,1
18,0,2,18.701412851669954,1,1.0,2,0,1
12,1,3,5.031033167649884,1,1.0,4,0,1
7,3,7,5.935375287749302,1,1.0,3,0,1
7,0,1,10.221585448710572,2,1.0,5,0,1
13,3,142,1.396647190104976,5,1.0,1,1,-1
9,4,6,15.28968146376538,1,1.0,6,0,1
14,3,4,9.8042036456156,1,1.0,6,0,1
12,1,4,9.416969073632186,1,1.0,5,0,1
13,1,7,11.019965832641548,1,1.0,4,0,1
10,0,3,11.618051818665833,2,1.0,5,0,1
7,1,4,18.66409397178134,2,1.0,3,0,1
14,2,3,12.39396509103923,2,1.0,1,0,1
12,1,5,18.326830465157826,2,1.0,6,0,1
16,2,7,13.846655105780656,1,1.0,1,0,1
18,3,1,8.009046877893681,1,1.0,6,0,1
13,1,2,8.116585699504423,2,1.0,2,0,1
9,0,3,7.68482546458505,1,1.0,5,0,1
8,4,6,14.544952604277704,2,1.0,1,0,1
15,1,2,13.992219316783409,1,1.0,1,0,1
17,4,5,18.3230985581109,2,1.0,0,0,1
18,1,4,23.905719504408488,2,1.0,5,0,1
10,3,2,21.335185544056138,1,1.0,2,0,1
12,1,1,13.599430701372546,2,1.0,2,0,1
12,1,6,15.491942171530445,2,1.0,2,0,1
16,1,2,15.566099101979932,2,1.0,1,0,1
11,2,1,9.291571988521596,1,1.0,2,0,1
14,1,1,10.0462079346774,2,1.0,3,0,1
11,1,3,6.150534871873561,2,1.0,3,0,1
16,1,6,11.293887321728747,2,1.0,6,0,1
13,3,1,13.570158121768351,2,1.0,3,0,1
17,3,7,10.085915077875729,2,1.0,6,0,1
11,1,6,4.6769896837468785,2,1.0,1,0,1
10,2,2,17.031288865014456,1,1.0,4,0,1
18,0,2,9.922452418051545,1,1.0,6,0,1
10,2,1,15.52327043499671,1,1.0,6,0,1
9,2,2,20.310383705073342,2,1.0,1,0,1
12,2,2,9.445935871151942,1,1.0,6,0,1
12,1,6,12.206185092582892,1,1.0,6,0,1
14,0,7,10.643819293335584,2,1.0,5,0,1
16,3,7,12.59738170487857,1,1.0,1,0,1
13,4,3,8.728998575621613,2,1.0,2,0,1
12,4,4,8.81460746874822,2,1.0,0,0,1
16,0,25,47.747520282424304,5,1.0,1,1,-1
17,3,2,4.298312534393022,2,1.0,5,0,1
18,3,7,12.26708740454772,1,1.0,3,0,1
18,2,5,13.26864510254257,1,1.0,0,0,1
12,3,1,7.218612712174337,2,1.0,5,0,1
10,4,6,18.49365054320102,1,1.0,2,0,1
14,2,5,2.7804260586735996,2,1.0,2,0,1
8,0,5,18.443115639190466,1,1.0,1,0,1
17,4,5,18.870106710665624,1,1.0,2,0,1
10,3,4,11.962085560394792,2,1.0,4,0,1
13,1,6,20.697278604141065,1,1.0,3,0,1
18,3,6,19.172701043585015,2,1.0,0,0,1
11,1,3,17.436784128579824,1,1.0,0,0,1
15,3,5,2.8280434685970857,2,1.0,1,0,1
8,0,1,15.547680853632205,2,1.0,5,0,1
15,4,3,11.904022247995847,2,1.0,6,0,1
7,0,4,6.912974893551459,2,1.0,2,0,1
11,1,2,11.885906196348259,1,1.0,4,0,1
17,4,1,7.50312936422673,2,1.0,2,0,1
8,3,2,12.28477220127449,2,1.0,0,0,1
11,0,6,6.419011943201552,1,1.0,0,0,1
18,0,4,13.827476015455574,2,1.0,3,0,1
7,0,5,12.888552225150994,1,1.0,6,0,1
13,0,6,11.880113487510181,1,1.0,2,0,1
12,0,6,13.491001390491205,2,1.0,6,0,1
17,4,5,0.4617810145145054,2,1.0,4,0,1
17,4,2,12.759548753632895,2,1.0,6,0,1
11,0,2,16.301314857005977,1,1.0,1,0,1
10,2,2,10.842575069998938,1,1.0,2,0,1
13,2,1,11.274311904058449,2,1.0,1,0,1
7,3,6,17.88618300783782,2,1.0,6,0,1
16,3,7,9.467959458495432,1,1.0,3,0,1
12,1,9,8.203380966587805,2,0.0,1,1,-1
17,3,5,20.83155303527937,1,1.0,3,0,1
9,4,7,8.255336533697811,2,1.0,3,0,1
16,4,7,4.677788832931663,2,1.0,6,0,1
9,0,7,16.922776454820863,2,1.0,5,0,1
11,4,3,19.902709203041848,2,1.0,6,0,1
16,4,1,7.676389327404559,2,1.0,0,0,1
14,0,6,7.956937505591063,1,1.0,3,0,1
16,4,4,17.698189060070156,2,1.0,2,0,1
7,0,4,17.333594150271633,2,1.0,1,0,1
18,3,1,15.943358421304334,2,1.0,4,0,1
7,4,2,10.654986120584455,2,1.0,2,0,1
8,3,2,5.433125667623784,1,1.0,3,0,1
10,1,3,22.518659589081548,2,1.0,2,0,1
9,3,6,8.303246903167558,1,1.0,6,0,1
7,4,2,11.20629136615314,1,1.0,3,0,1
2,3,9,20.537428591657093,2,1.0,0,1,-1
15,3,3,12.05041483440605,1,1.0,4,0,1
14,0,4,14.744859585307335,2,1.0,1,0,1
18,2,1,10.259087145186898,1,1.0,2,0,1
15,3,6,8.732444003334798,1,1.0,4,0,1
17,4,4,8.005226139411683,1,1.0,4,0,1
11,4,3,9.900484985662048,2,1.0,4,0,1
17,1,7,19.045955142995616,2,1.0,2,0,1
15,4,4,6.205026997380025,1,1.0,4,0,1
14,1,2,14.923198491345595,2,1.0,6,0,1
17,2,5,16.796786797522486,2,1.0,3,0,1
18,2,1,8.055817191815636,1,1.0,2,0,1
13,1,7,22.293008732001546,1,1.0,6,0,1
10,0,7,13.278238519252149,1,1.0,0,0,1
16,3,1,10.306787456349102,1,1.0,2,0,1
14,4,7,17.337084765161997,2,1.0,6,0,1
10,3,4,14.454456060707857,1,1.0,3,0,1
17,3,5,17.922077306620366,2,1.0,6,0,1
18,0,2,0.879900888193573,2,1.0,4,0,1
8,3,6,13.429117452019938,1,1.0,5,0,1
9,0,4,16.66709241479144,2,1.0,3,0,1
12,2,7,4.230829071524888,1,1.0,2,0,1
13,1,4,12.949954303520855,2,1.0,0,0,1
15,1,1,14.76849962628424,1,1.0,1,0,1
11,0,3,10.720627387709799,1,1.0,4,0,1
18,1,5,11.995366868849235,2,1.0,1,0,1
18,3,3,6.93315996204338,2,1.0,2,0,1
15,1,4,6.983929048049793,1,1.0,2,0,1
12,2,3,13.074478769191101,2,1.0,4,0,1
14,3,2,15.727225198923584,1,1.0,6,0,1
9,3,7,12.370146761706192,2,1.0,4,0,1
11,3,4,11.924349653195149,2,1.0,0,0,1
16,1,3,16.390739676692654,1,1.0,3,0,1
7,0,5,11.20663247260374,1,1.0,4,0,1
8,4,3,11.331980311984148,1,1.0,3,0,1
10,4,3,7.153611563339248,2,1.0,5,0,1
11,1,2,13.07271672478482,1,1.0,6,0,1
16,3,2,16.007571594385045,2,1.0,1,0,1
14,0,1,5.6380251139739075,1,1.0,1,0,1
15,0,6,13.646545726247476,2,1.0,3,0,1
13,3,1,6.224554547803382,2,1.0,6,0,1
17,2,3,15.138523787408527,1,1.0,3,0,1
8,4,21,26.664982263536086,5,1.0,0,1,-1
9,4,4,3.8161262569649352,1,1.0,2,0,1
17,3,5,16.345476431226622,1,1.0,0,0,1
18,1,7,12.191970041193255,2,1.0,1,0,1
11,2,3,11.358256621315611,2,1.0,3,0,1
12,3,3,7.40523390420589,1,1.0,3,0,1
13,3,6,8.748499950017733,2,1.0,0,0,1
16,3,2,16.277721922927316,2,1.0,4,0,1
14,0,8,15.682766203720963,2,0.0,2,1,-1
1,3,9,20.259649386522657,2,1.0,0,1,-1
15,1,6,20.93710427733214,2,1.0,4,0,1
15,1,4,1.532805223966708,2,1.0,2,0,1
12,3,5,12.844998301555767,2,1.0,6,0,1
16,4,5,15.53813164911252,1,1.0,3,0,1
12,0,1,14.092883413300415,2,1.0,6,0,1
8,3,1,10.539577622656742,2,1.0,0,0,1
13,1,6,12.577989985318602,2,1.0,0,0,1
9,4,6,7.6321573305472095,1,1.0,2,0,1
10,1,4,10.795034030724018,1,1.0,0,0,1
16,1,4,18.039110173102163,2,1.0,0,0,1
13,2,7,13.493272241297452,1,1.0,1,0,1
12,1,4,8.4971108674268,1,1.0,3,0,1
7,3,5,11.163043303972792,1,1.0,3,0,1
16,1,2,8.06534224898057,1,1.0,4,0,1
16,3,2,17.378287344129493,1,1.0,6,0,1
11,2,5,11.580090655969135,2,1.0,3,0,1
8,2,1,13.215059285048504,2,1.0,5,0,1
9,1,1,15.520885612405678,2,1.0,4,0,1
18,0,3,19.399932065903283,2,1.0,3,0,1
8,3,1,3.4277297313742157,1,1.0,1,0,1
17,4,7,16.115970513464433,1,1.0,6,0,1
13,4,2,16.292425859597895,2,1.0,3,0,1
17,2,2,8.476956329060995,1,1.0,0,0,1
11,4,7,12.94423178565457,2,1.0,0,0,1
13,3,3,17.006532685386127,1,1.0,5,0,1
18,2,1,11.825101249429387,1,1.0,4,0,1
7,4,6,12.886895854572339,1,1.0,3,0,1
8,0,5,20.45801082688707,2,1.0,6,0,1
7,0,7,15.154872449155489,2,1.0,2,0,1
8,3,3,5.2363573109785335,1,1.0,5,0,1
16,1,5,7.692976826085145,1,1.0,3,0,1
9,2,6,12.718968754763385,2,1.0,1,0,1
11,4,5,8.221475066467537,2,1.0,5,0,1
17,2,6,6.603520316601728,2,1.0,1,0,1
9,4,5,2.4591629947510327,2,1.0,3,0,1
13,4,2,9.070620865260254,1,1.0,2,0,1
9,0,5,15.80732882492218,2,1.0,6,0,1
7,3,3,6.458764236410674,1,1.0,2,0,1
10,0,4,16.204193796833284,1,1.0,5,0,1
13,2,7,10.012436805450688,2,1.0,4,0,1
11,3,5,9.011198336117857,1,1.0,6,0,1
14,2,2,16.54905111226786,1,1.0,5,0,1
16,3,1,6.706947047354005,1,1.0,0,0,1
17,2,5,17.165374922992577,2,1.0,1,0,1
13,2,3,8.58580269074216,2,1.0,5,0,1
17,2,6,15.95573355756265,2,1.0,0,0,1
16,3,2,10.514455264007294,1,1.0,5,0,1
10,2,3,14.076279141838732,1,1.0,4,0,1
18,2,1,12.654370599743128,2,1.0,4,0,1
10,4,145,1.5905774269691821,5,1.0,1,1,-1
15,2,3,15.596757246454176,1,1.0,3,0,1
13,3,1,2.8091025029777033,2,1.0,4,0,1
12,2,3,11.642313939677436,1,1.0,0,0,1
18,2,6,10.137728439753683,1,1.0,1,0,1
17,1,3,10.436420999913118,1,1.0,1,0,1
15,3,80,-0.1985607393570108,5,1.0,1,1,-1
18,1,7,16.394411670378226,2,1.0,2,0,1
15,3,1,18.740739243034856,2,1.0,2,0,1
9,4,6,10.599477379100144,2,1.0,0,0,1
13,4,6,14.07316447620669,1,1.0,2,0,1
8,4,1,7.709945556836096,1,1.0,2,0,1
13,3,3,11.625220174952997,1,1.0,3,0,1
18,2,3,9.89943219211991,1,1.0,0,0,1
13,0,7,10.754120810280211,1,1.0,4,0,1
13,4,5,10.214464038755406,2,1.0,1,0,1
10,1,3,12.263877581489114,2,1.0,6,0,1
12,3,1,15.81630460937421,2,1.0,1,0,1
18,1,3,17.49264311107068,1,1.0,1,0,1
18,3,4,18.34454821257913,2,1.0,0,0,1
14,4,1,8.503408960861691,1,1.0,1,0,1
12,1,7,10.359423334157288,1,1.0,1,0,1
13,2,7,15.447024683901336,2,1.0,0,0,1
10,1,4,8.994259317020086,2,1.0,2,0,1
9,4,1,11.925316113396175,1,1.0,0,0,1
18,4,2,8.62207806292666,1,1.0,6,0,1
12,0,7,6.926818125116434,1,1.0,4,0,1
11,3,2,18.15884114744746,2,1.0,6,0,1
18,0,7,22.05240817295789,2,1.0,2,0,1
7,2,3,14.421287832971508,1,1.0,5,0,1
15,2,2,0.0783368973274019,1,1.0,4,0,1
12,3,5,12.37377661682816,1,1.0,6,0,1
18,3,7,8.038155525978448,1,1.0,3,0,1
18,2,3,9.072625043879658,1,1.0,6,0,1
11,4,6,5.557749072053502,1,1.0,0,0,1
7,2,3,15.99696679310219,1,1.0,4,0,1
15,2,6,28.130658294598508,2,1.0,6,0,-1
7,1,1,10.81359409454837,2,1.0,3,0,1
17,4,7,27.46320639231341,1,1.0,3,0,-1
8,0,2,6.702472820773066,1,1.0,2,0,1
9,4,7,7.3810678190351995,2,1.0,3,0,1
8,2,2,19.729052135820822,2,1.0,6,0,1
16,3,7,7.360031251657508,2,1.0,6,0,1
18,0,5,7.988988578818994,2,1.0,2,0,1
17,2,2,11.680257536596763,2,1.0,3,0,1
14,3,6,14.30127931755063,1,1.0,6,0,1
12,0,2,15.761624465137183,1,1.0,3,0,1
11,1,2,23.054454964003906,2,1.0,4,0,1
16,1,6,11.244870230764734,2,1.0,3,0,1
13,3,3,3.797693214717958,1,1.0,0,0,1
15,3,7,4.285934289650164,1,1.0,6,0,1
16,3,4,11.118223317906587,1,1.0,5,0,1
11,1,3,9.871055785426009,1,1.0,4,0,1
16,4,7,10.13299489382622,2,1.0,5,0,1
18,4,2,12.712519112880829,2,1.0,0,0,1
18,4,4,13.9720426636209,2,1.0,5,0,1
17,0,5,17.84697036848129,1,1.0,4,0,1
7,4,1,12.195772959065623,1,1.0,0,0,1
7,4,6,17.693085357268927,2,1.0,2,0,1
11,1,4,18.191814162550557,2,1.0,1,0,1
17,0,5,11.579221046892503,1,1.0,4,0,1
17,1,4,11.106124581085473,2,1.0,5,0,1
9,0,7,16.404336653470388,1,1.0,2,0,1
17,1,7,10.448156082093526,1,1.0,4,0,1
15,3,5,16.216650549307257,2,1.0,2,0,1
18,4,4,6.68413322130325,1,1.0,4,0,1
8,2,1,18.43985249791597,1,1.0,4,0,1
13,1,3,17.03152414825762,1,1.0,2,0,1
9,3,145,2.0140049673713807,5,1.0,1,1,-1
18,2,3,8.056926511186848,1,1.0,0,0,1
18,1,2,15.95692753038992,2,1.0,3,0,1
7,2,4,9.49317290258024,2,1.0,3,0,1
12,0,1,11.089627649540368,2,1.0,5,0,1
16,4,3,6.654366177909361,1,1.0,0,0,1
14,1,6,14.173161827353171,2,1.0,4,0,1
10,2,1,9.082182638420367,1,1.0,0,0,1
18,4,7,11.9006947609605,2,1.0,2,0,1
12,0,3,15.613417206029805,1,1.0,0,0,1
15,4,3,15.186692738838644,1,1.0,1,0,1
16,1,6,10.05627587397109,2,1.0,0,0,1
13,3,4,16.280479271150035,1,1.0,4,0,1
10,4,5,10.288191823706615,2,1.0,3,0,1
18,1,5,2.1863273756855968,1,1.0,4,0,1
9,3,6,2.3160235563388056,1,1.0,5,0,1
15,3,5,16.8256679528619,2,1.0,2,0,1
11,4,4,8.411923018800113,2,1.0,6,0,1
14,3,6,1.5006338389047666,1,1.0,1,0,1
8,1,6,14.960509805215715,2,1.0,6,0,1
12,0,2,2.097828852169897,2,1.0,5,0,1
11,3,7,15.698130720024375,2,1.0,6,0,1
15,0,6,11.53911250008797,2,1.0,4,0,1
17,0,7,14.28234875714354,2,1.0,5,0,1
16,0,3,13.118936832789217,2,1.0,6,0,1
15,4,3,18.406962744914182,2,1.0,3,0,1
17,3,7,4.028357533592711,1,1.0,3,0,1
8,2,3,15.14384289545356,1,1.0,1,0,1
17,4,4,8.685106099553899,2,1.0,2,0,1
7,0,4,17.568471188418393,2,1.0,2,0,1
9,4,6,16.31455371479107,2,1.0,6,0,1
9,3,4,11.612096041987433,1,1.0,2,0,1
17,4,172,2.659011176363463,4,1.0,0,1,-1
13,1,3,12.355527846469627,2,1.0,4,0,1
11,0,6,10.026865939008003,2,1.0,0,0,1
11,4,3,7.4385251840862345,2,1.0,5,0,1
9,1,5,3.8853349865938096,2,1.0,0,0,1
9,4,7,9.719471324297146,2,1.0,4,0,1
13,0,5,11.85858675646444,1,1.0,5,0,1
11,3,6,14.07576992174355,1,1.0,1,0,1
4,6,8,15.569374420931796,2,1.0,0,1,-1
17,4,5,4.757050987418792,1,1.0,6,0,1
10,0,5,15.186768414376978,1,1.0,4,0,1
10,2,4,6.993207503847245,1,1.0,6,0,1
7,0,3,12.168626958810636,1,1.0,4,0,1
8,2,1,25.37051946243009,2,1.0,4,0,1
18,3,2,8.490829185057791,2,1.0,4,0,1
13,0,7,12.15402348745218,1,1.0,1,0,1
16,1,5,15.40734692704677,2,1.0,6,0,1
14,1,5,16.628178433941734,2,1.0,3,0,1
16,2,7,13.319640767524433,2,1.0,1,0,1
15,1,7,13.302587109268766,2,1.0,3,0,1
8,3,2,20.056478834551314,1,1.0,3,0,1
14,1,2,21.867047951242302,1,1.0,1,0,1
16,1,10,19.326448780676248,2,0.0,0,1,-1
8,3,1,8.420767293360674,1,1.0,6,0,1
18,3,4,6.6026894261633675,1,1.0,1,0,1
10,4,4,9.288811409860852,2,1.0,1,0,1
18,3,6,10.280119642831021,2,1.0,6,0,1
18,3,4,9.595212647919428,2,1.0,6,0,1
17,3,5,16.177122359465244,2,1.0,3,0,1
16,2,4,5.432554341546876,2,1.0,5,0,1
11,0,6,1.90093333830883,2,1.0,1,0,1
17,2,6,19.335813348256313,2,1.0,2,0,1
14,2,5,16.44585861767198,1,1.0,0,0,1
15,1,5,15.376953676464945,1,1.0,4,0,1
14,2,4,7.171074899305276,1,1.0,4,0,1
7,2,7,13.189490944010709,2,1.0,3,0,1
11,0,3,12.233857154204232,1,1.0,6,0,1
10,2,6,3.843627522159176,2,1.0,4,0,1
16,0,2,8.17359969028329,2,1.0,6,0,1
13,3,2,11.62014460270843,1,1.0,4,0,1
9,2,3,18.79943773294204,2,1.0,6,0,1
13,0,7,9.961611942127567,2,1.0,4,0,1
7,0,5,16.172463603523006,2,1.0,5,0,1
7,2,7,12.67535939930897,1,1.0,3,0,1
